project,bug_id,folder,add_test_file,class_fqcn,method_name,repair_result,buggy_result,fixed_result,,difference between generated patch and developers' fix,fix the bug,new functionality,Is the testcase really trigger the bug,Is the testcase testing the new functionality
Chart,2,Chart-2-buggy_ind1,add_test.java,org.jfree.data.general.junit.DatasetUtilitiesTests,testIterateDomainBounds_EmptyDataset,Not Pass,Pass,Pass,,,,,,
Chart,2,Chart-2-buggy_ind2,add_test1.java,org.jfree.data.general.junit.DatasetUtilitiesTests,testIterateDomainBounds_AllNaN,Not Pass,Pass,Pass,,,,,,
Chart,2,Chart-2-buggy_ind3,add_test2.java,org.jfree.data.general.junit.DatasetUtilitiesTests,testIterateRangeBounds_EmptyDataset,Not Pass,Pass,Pass,,,,,,
Chart,2,Chart-2-buggy_ind4,add_test3.java,org.jfree.data.general.junit.DatasetUtilitiesTests,testIterateRangeBounds_AllNaN,Not Pass,Pass,Pass,,,,,,
Chart,22,Chart-22-buggy_ind1,add_test.java,org.jfree.data.junit.KeyedObjects2DTests,testGetObjectAfterRemoval,Not Pass,Pass,Pass,,,,,,
Chart,22,Chart-22-buggy_ind2,add_test1.java,org.jfree.data.junit.KeyedObjects2DTests,testGetObjectMultipleRowsSameColumn,Not Pass,Pass,Pass,,,,,,
Cli,3,Cli-3-buggy_ind3,add_test2.java,org.apache.commons.cli.PatternOptionBuilderTest,testIntegerNumber,Not Pass,Pass,Pass,,,,,,
Cli,20,Cli-20-buggy_ind1,add_test.java,org.apache.commons.cli.PosixParserTest,testStopWithUnknownLongOptionNoEquals,Not Pass,Pass,Pass,,,,,,
Cli,22,Cli-22-buggy_ind1,add_test.java,org.apache.commons.cli.ApplicationTest,testGroovyWithLongOptStopAtNonOption,Not Pass,Pass,Pass,,Partially Fixed,,,,
Cli,22,Cli-22-buggy_ind2,add_test1.java,org.apache.commons.cli.ParserTestCase,testStopAtNonOptionWithBurst,Not Pass,Pass,Pass,,,,,,
Cli,29,Cli-29-buggy_ind1,add_test.java,org.apache.commons.cli.UtilTest,testStripLeadingAndTrailingQuotesEmptyString,Not Pass,Pass,Pass,,,,,,
Cli,29,Cli-29-buggy_ind2,add_test1.java,org.apache.commons.cli.UtilTest,testStripLeadingAndTrailingQuotesNoQuotes,Not Pass,Pass,Pass,,,,,,
Cli,29,Cli-29-buggy_ind3,add_test2.java,org.apache.commons.cli.UtilTest,testStripLeadingAndTrailingQuotesLeadingOnly,Not Pass,Pass,Pass,,,,,,
Cli,29,Cli-29-buggy_ind4,add_test3.java,org.apache.commons.cli.UtilTest,testStripLeadingAndTrailingQuotesTrailingOnly,Not Pass,Pass,Pass,,,,,,
Cli,29,Cli-29-buggy_ind5,add_test4.java,org.apache.commons.cli.UtilTest,testStripLeadingAndTrailingQuotesDoubleQuote,Not Pass,Pass,Pass,,,,,,
Cli,30,Cli-30-buggy_ind1,add_test.java,org.apache.commons.cli.ParserTestCase,testPropertyOptionFalseValue,Not Pass,Pass,Pass,,,,,,
Cli,30,Cli-30-buggy_ind2,add_test1.java,org.apache.commons.cli.ParserTestCase,testPropertyOptionWithArg,Not Pass,Pass,Pass,,,,,,
Cli,30,Cli-30-buggy_ind3,add_test2.java,org.apache.commons.cli.OptionGroupTest,testThreeOptionsFromTwoGroups,Not Pass,Pass,Pass,,,,,,
Cli,32,Cli-32-buggy_ind1,add_test.java,org.apache.commons.cli.HelpFormatterTest,testFindWrapPosWithNewline,Not Pass,Pass,Pass,,,,,,
Cli,37,Cli-37-buggy_ind1,add_test.java,org.apache.commons.cli.bug.BugCLI265Test,shouldParseLongOptionAsNonShortOption,Not Pass,Pass,Pass,,,,,,
Cli,37,Cli-37-buggy_ind2,add_test1.java,org.apache.commons.cli.bug.BugCLI265Test,shouldHandleSingleDashAsNonOption,Not Pass,Pass,Pass,,,,,,
Cli,37,Cli-37-buggy_ind3,add_test2.java,org.apache.commons.cli.bug.BugCLI265Test,shouldParseMultipleShortOptionsWithDifferentPrefixes,Not Pass,Pass,Pass,,,,,,
Cli,38,Cli-38-buggy_ind1,add_test.java,org.apache.commons.cli.bug.BugCLI265Test,shouldParseSingleCharacterShortOption,Not Pass,Pass,Pass,,,,,,
Closure,17,Closure-17-buggy_ind1,add_test.java,com.google.javascript.jscomp.TypeCheckTest,testConstWithTypeAndRValueWithoutType,Not Pass,Pass,Pass,,,,,,
Closure,17,Closure-17-buggy_ind2,add_test1.java,com.google.javascript.jscomp.TypeCheckTest,testConstWithNestedOrIdiomMismatch,Not Pass,Pass,Pass,,,,,,
Closure,17,Closure-17-buggy_ind3,add_test2.java,com.google.javascript.jscomp.TypeCheckTest,testConstWithObjectLiteralNoAnnotation,Not Pass,Pass,Pass,,,,,,
Closure,20,Closure-20-buggy_ind1,add_test.java,com.google.javascript.jscomp.PeepholeSubstituteAlternateSyntaxTest,testSimpleFunctionCallNoArgs,Not Pass,Pass,Pass,,,,,,
Closure,24,Closure-24-buggy_ind1,add_test.java,com.google.javascript.jscomp.ScopedAliasesTest,testNonAliasLocalUninitializedVar,Not Pass,Pass,Pass,,,,,,
Closure,30,Closure-30-buggy_ind1,add_test.java,com.google.javascript.jscomp.FlowSensitiveInlineVariablesTest,testDependsOnOuterScopeVarsWithNullDef,Not Pass,Pass,Pass,,,,,,
Closure,30,Closure-30-buggy_ind2,add_test1.java,com.google.javascript.jscomp.FlowSensitiveInlineVariablesTest,testInlineWithUndeclaredVariable,Not Pass,Pass,Pass,,,,,,
Closure,31,Closure-31-buggy_ind1,add_test.java,com.google.javascript.jscomp.CommandLineRunnerTest,testDependencySortingWithExternsAndNoCompile,Not Pass,Pass,Pass,,,,,,
Closure,31,Closure-31-buggy_ind2,add_test1.java,com.google.javascript.jscomp.CommandLineRunnerTest,testDependencySortingWithNoCompileAnnotation,Not Pass,Pass,Pass,,,,,,
Closure,33,Closure-33-buggy_ind1,add_test.java,com.google.javascript.jscomp.TypeCheckTest,testIssue700_AdditionalCase1,Not Pass,Pass,Pass,,,,,,
Closure,33,Closure-33-buggy_ind2,add_test1.java,com.google.javascript.jscomp.TypeCheckTest,testIssue700_AdditionalCase2,Not Pass,Pass,Pass,,,,,,
Closure,38,Closure-38-buggy_ind1,add_test.java,com.google.javascript.jscomp.CodePrinterTest,testMinusPositiveZero,Not Pass,Pass,Pass,,,,,,
Closure,38,Closure-38-buggy_ind2,add_test1.java,com.google.javascript.jscomp.CodePrinterTest,testNegativeZeroAlone,Not Pass,Pass,Pass,,,,,,
Closure,38,Closure-38-buggy_ind3,add_test2.java,com.google.javascript.jscomp.CodePrinterTest,testPositiveZeroAlone,Not Pass,Pass,Pass,,,,,,
Closure,46,Closure-46-buggy_ind3,add_test2.java,com.google.javascript.rhino.jstype.JSTypeTest,testRecordTypeLeastSuperType_PartialOverlap,Not Pass,Pass,Pass,,,,,,
Closure,64,Closure-64-buggy_ind3,add_test2.java,com.google.javascript.jscomp.CommandLineRunnerTest,testNonStrictModeNoUseStrict,Not Pass,Pass,Pass,,,,,,
Closure,65,Closure-65-buggy_ind1,add_test.java,com.google.javascript.jscomp.CodePrinterTest,testZeroFollowedByNonDigit,Not Pass,Pass,Pass,,,,,,
Closure,65,Closure-65-buggy_ind2,add_test1.java,com.google.javascript.jscomp.CodePrinterTest,testZeroAtEndOfString,Not Pass,Pass,Pass,,,,,,
Closure,68,Closure-68-buggy_ind1,add_test.java,com.google.javascript.jscomp.parsing.JsDocInfoParserTest,testIssue477_missingOpeningLPAfterStringType,Not Pass,Pass,Pass,,,,,,
Closure,70,Closure-70-buggy_ind1,add_test.java,com.google.javascript.jscomp.TypeCheckTest,testFunctionArgumentsNoJSDoc,Not Pass,Pass,Pass,,,,,,
Closure,70,Closure-70-buggy_ind2,add_test1.java,com.google.javascript.jscomp.LooseTypeCheckTest,testFunctionArgumentsNoJSDoc,Not Pass,Pass,Pass,,,,,,
Closure,70,Closure-70-buggy_ind3,add_test2.java,com.google.javascript.jscomp.TypeCheckTest,testFunctionArgumentsNullFunctionType,Not Pass,Pass,Pass,,,,,,
Closure,71,Closure-71-buggy_ind2,add_test1.java,com.google.javascript.jscomp.CheckAccessControlsTest,testNoPrivateAccessForProperties8_AdditionalBranch,Not Pass,Pass,Pass,,,,,,
Closure,71,Closure-71-buggy_ind3,add_test2.java,com.google.javascript.jscomp.CheckAccessControlsTest,testProtectedPropertyAccess,Not Pass,Pass,Pass,,,,,,
Closure,74,Closure-74-buggy_ind1,add_test.java,com.google.javascript.jscomp.PeepholeFoldConstantsTest,testFoldComparisonNumberWithUndefined,Not Pass,Pass,Pass,,,,,,
Closure,74,Closure-74-buggy_ind2,add_test1.java,com.google.javascript.jscomp.PeepholeFoldConstantsTest,testFoldComparisonStringWithUndefined,Not Pass,Pass,Pass,,,,,,
Closure,76,Closure-76-buggy_ind1,add_test.java,com.google.javascript.jscomp.DeadAssignmentsEliminationTest,testNestedShortCircuit,Not Pass,Pass,Pass,,,,,,
Closure,76,Closure-76-buggy_ind2,add_test1.java,com.google.javascript.jscomp.DeadAssignmentsEliminationTest,testHookWithShortCircuit,Not Pass,Pass,Pass,,,,,,
Closure,76,Closure-76-buggy_ind3,add_test2.java,com.google.javascript.jscomp.DeadAssignmentsEliminationTest,testMultipleShortCircuitWithReturn,Not Pass,Pass,Pass,,,,,,
Closure,89,Closure-89-buggy_ind2,add_test1.java,com.google.javascript.jscomp.CollapsePropertiesTest,testAliasCreatedForObjectDepth2WithLocalSetInFunction,Not Pass,Pass,Pass,,,,,,
Closure,99,Closure-99-buggy_ind1,add_test.java,com.google.javascript.jscomp.CheckGlobalThisTest,testInterfaceWithThisType,Not Pass,Pass,Pass,,,,,,
Closure,99,Closure-99-buggy_ind3,add_test2.java,com.google.javascript.jscomp.CheckGlobalThisTest,testNestedPrototypeProperty,Not Pass,Pass,Pass,,,,,,
Closure,99,Closure-99-buggy_ind4,add_test3.java,com.google.javascript.jscomp.CheckGlobalThisTest,testConstructorWithoutAnnotation,Not Pass,Pass,Pass,,,,,,
Closure,100,Closure-100-buggy_ind1,add_test.java,com.google.javascript.jscomp.CheckGlobalThisTest,testGlobalThisWithoutPropertyAccess,Not Pass,Pass,Pass,,,,,,
Closure,100,Closure-100-buggy_ind2,add_test1.java,com.google.javascript.jscomp.CheckGlobalThisTest,testInnerFunctionThisWithoutPropertyAccess,Not Pass,Pass,Pass,,,,,,
Closure,103,Closure-103-buggy_ind1,add_test.java,com.google.javascript.jscomp.CheckUnreachableCodeTest,testInstanceOfThrowsExceptionNoTry,Not Pass,Pass,Pass,,,,,,
Closure,103,Closure-103-buggy_ind2,add_test1.java,com.google.javascript.jscomp.ControlFlowAnalysisTest,testInstanceOfInCondition,Not Pass,Pass,Pass,,,,,,
Closure,104,Closure-104-buggy_ind1,add_test.java,com.google.javascript.rhino.jstype.UnionTypeTest,testGreatestSubtypeUnionTypes6,Not Pass,Pass,Pass,,,,,,
Closure,104,Closure-104-buggy_ind2,add_test1.java,com.google.javascript.rhino.jstype.UnionTypeTest,testGreatestSubtypeUnionTypes7,Not Pass,Pass,Pass,,,,,,
Closure,112,Closure-112-buggy_ind1,add_test.java,com.google.javascript.jscomp.TypeCheckTest,testTemplateInferenceWithNoMatchingParameters,Not Pass,Pass,Pass,,,,,,
Closure,112,Closure-112-buggy_ind2,add_test1.java,com.google.javascript.jscomp.TypeCheckTest,testTemplateInferenceWithUnrelatedTemplateParam,Not Pass,Pass,Pass,,,,,,
Closure,115,Closure-115-buggy_ind1,add_test.java,com.google.javascript.jscomp.InlineFunctionsTest,testInlineWithFewerArgsThanParams,Not Pass,Pass,Pass,,,,,,
Closure,115,Closure-115-buggy_ind2,add_test1.java,com.google.javascript.jscomp.InlineFunctionsTest,testInlineWithMoreArgsThanParams,Not Pass,Pass,Pass,,,,,,
Closure,116,Closure-116-buggy_ind1,add_test.java,com.google.javascript.jscomp.FunctionInjectorTest,testIssue1101c,Not Pass,Pass,Pass,,,,,,
Closure,116,Closure-116-buggy_ind2,add_test1.java,com.google.javascript.jscomp.FunctionInjectorTest,testIssue1101d,Not Pass,Pass,Pass,,,,,,
Closure,119,Closure-119-buggy_ind2,add_test1.java,com.google.javascript.jscomp.CheckGlobalNamesTest,testNestedCatchBlocks,Not Pass,Pass,Pass,,,,,,
Closure,120,Closure-120-buggy_ind2,add_test1.java,com.google.javascript.jscomp.InlineVariablesTest,testAssignmentInFunctionCalledMultipleTimes,Not Pass,Pass,Pass,,,,,,
Closure,121,Closure-121-buggy_ind1,add_test.java,com.google.javascript.jscomp.InlineVariablesTest,testNoInlineAliasOfMutableVariable,Not Pass,Pass,Pass,,,,,,
Closure,121,Closure-121-buggy_ind2,add_test1.java,com.google.javascript.jscomp.InlineVariablesTest,testNoInlineAliasOfReassignedVariable,Not Pass,Pass,Pass,,,,,,
Closure,121,Closure-121-buggy_ind3,add_test2.java,com.google.javascript.jscomp.InlineVariablesTest,testNoInlineAliasWhenBaseModifiedLater,Not Pass,Pass,Pass,,,,,,
Closure,131,Closure-131-buggy_ind1,add_test.java,com.google.javascript.jscomp.ConvertToDottedPropertiesTest,testConvertValidASCIIIdentifiers,Not Pass,Pass,Pass,,,,,,
Closure,131,Closure-131-buggy_ind2,add_test1.java,com.google.javascript.jscomp.ConvertToDottedPropertiesTest,testDoNotConvertNonASCIIIdentifiers,Not Pass,Pass,Pass,,,,,,
Closure,132,Closure-132-buggy_ind1,add_test.java,com.google.javascript.jscomp.PeepholeSubstituteAlternateSyntaxTest,testIssue925_AdditionalCase1,Not Pass,Pass,Pass,,,,,,
Closure,132,Closure-132-buggy_ind2,add_test1.java,com.google.javascript.jscomp.PeepholeSubstituteAlternateSyntaxTest,testIssue925_AdditionalCase2,Not Pass,Pass,Pass,,,,,,
Closure,134,Closure-134-buggy_ind2,add_test1.java,com.google.javascript.jscomp.AmbiguatePropertiesTest,testImplementsInterfaceWithInheritedProperty,Not Pass,Pass,Pass,,,,,,
Closure,135,Closure-135-buggy_ind2,add_test1.java,com.google.javascript.jscomp.TypeCheckTest,testPrototypePropertyDefinition,Not Pass,Pass,Pass,,,,,,
Closure,136,Closure-136-buggy_ind2,add_test1.java,com.google.javascript.jscomp.MethodCheckTest,testIndirectMethodDefinition,Not Pass,Pass,Pass,,,,,,
Closure,137,Closure-137-buggy_ind2,add_test1.java,com.google.javascript.jscomp.MakeDeclaredNamesUniqueTest,testInversionFirstDeclarationNoSuffix,Not Pass,Pass,Pass,,,,,,
Closure,142,Closure-142-buggy_ind4,add_test3.java,com.google.javascript.jscomp.parsing.JsDocInfoParserTest,testParseLicenseWithAnnotationAtStart,Not Pass,Pass,Pass,,,,,,
Closure,146,Closure-146-buggy_ind2,add_test1.java,com.google.javascript.jscomp.SemanticReverseAbstractInterpreterTest,testEqCondition_NullAndVoid,Not Pass,Pass,Pass,,,,,,
Closure,155,Closure-155-buggy_ind1,add_test.java,com.google.javascript.jscomp.InlineVariablesTest,testArgumentsModifiedInSiblingFunction,Not Pass,Pass,Pass,,,,,,
Closure,155,Closure-155-buggy_ind2,add_test1.java,com.google.javascript.jscomp.InlineVariablesTest,testArgumentsNotModified,Not Pass,Pass,Pass,,,,,,
Closure,163,Closure-163-buggy_ind2,add_test1.java,com.google.javascript.jscomp.CrossModuleMethodMotionTest,testIssue600_ClosureInPrototypeAssignment,Not Pass,Pass,Pass,,,,,,
Closure,171,Closure-171-buggy_ind1,add_test.java,com.google.javascript.jscomp.TypeCheckTest,testObjectLiteralPropertyTypeInference,Not Pass,Pass,Pass,,,,,,
Closure,171,Closure-171-buggy_ind2,add_test1.java,com.google.javascript.jscomp.TypedScopeCreatorTest,testObjectLiteralWithMultipleProperties,Not Pass,Pass,Pass,,,,,,
Closure,173,Closure-173-buggy_ind2,add_test1.java,com.google.javascript.jscomp.CodePrinterTest,testNestedNonAssociativeOps,Not Pass,Pass,Pass,,,,,,
Closure,175,Closure-175-buggy_ind1,add_test.java,com.google.javascript.jscomp.FunctionInjectorTest,testIssue1101c,Not Pass,Pass,Pass,,,,,,
Codec,2,Codec-2-buggy_ind1,add_test.java,org.apache.commons.codec.binary.Base64OutputStreamTest,testBase64SingleByteOutputStream,Not Pass,Pass,Pass,,,,,,
Codec,2,Codec-2-buggy_ind2,add_test1.java,org.apache.commons.codec.binary.Base64OutputStreamTest,testBase64TwoBytesOutputStream,Not Pass,Pass,Pass,,,,,,
Codec,7,Codec-7-buggy_ind1,add_test.java,org.apache.commons.codec.binary.Base64Test,testEncodeBase64StringWithNullInput,Not Pass,Pass,Pass,,,,,,
Collections,2,Collections-2-buggy_ind2,add_test1.java,org.apache.commons.collections.TestExtendedProperties,testIncludeNonEmptyStringReturnsValue,Not Pass,Pass,Pass,,,,,,
Collections,9,Collections-9-buggy_ind3,add_test2.java,org.apache.commons.collections.TestExtendedProperties,testCombineEmptyProperties,Not Pass,Pass,Pass,,,,,,
Collections,12,Collections-12-buggy_ind1,add_test.java,org.apache.commons.collections.TestExtendedProperties,testCombineWithMultipleValues,Not Pass,Pass,Pass,,,,,,
Collections,12,Collections-12-buggy_ind2,add_test1.java,org.apache.commons.collections.TestExtendedProperties,testCombineWithSpecialCharacters,Not Pass,Pass,Pass,,,,,,
Collections,12,Collections-12-buggy_ind3,add_test2.java,org.apache.commons.collections.TestExtendedProperties,testCombineEmpty,Not Pass,Pass,Pass,,,,,,
Collections,15,Collections-15-buggy_ind3,add_test2.java,org.apache.commons.collections.list.TestSetUniqueList,testSetWithSameElement,Not Pass,Pass,Pass,,,,,,
Collections,18,Collections-18-buggy_ind1,add_test.java,org.apache.commons.collections.set.ListOrderedSetTest,testRetainAllPartialOverlap,Not Pass,Pass,Pass,,,,,,
Collections,18,Collections-18-buggy_ind2,add_test1.java,org.apache.commons.collections.set.ListOrderedSetTest,testRetainAllEmptyCollection,Not Pass,Pass,Pass,,,,,,
Collections,18,Collections-18-buggy_ind3,add_test2.java,org.apache.commons.collections.set.ListOrderedSetTest,testRetainAllNoChange,Not Pass,Pass,Pass,,,,,,
Collections,20,Collections-20-buggy_ind1,add_test.java,org.apache.commons.collections.list.TreeListTest,testBugCollections447_RemoveAfterNext,Not Pass,Pass,Pass,,,,,,
Collections,20,Collections-20-buggy_ind3,add_test2.java,org.apache.commons.collections.list.TreeListTest,testBugCollections447_RemoveAtEnd,Not Pass,Pass,Pass,,,,,,
Collections,28,Collections-28-buggy_ind1,add_test.java,org.apache.commons.collections4.trie.PatriciaTrieTest,testPrefixMapSize,Not Pass,Pass,Pass,,,,,,
Collections,28,Collections-28-buggy_ind2,add_test1.java,org.apache.commons.collections4.trie.PatriciaTrieTest,testPrefixMapContainsKey,Not Pass,Pass,Pass,,,,,,
Compress,1,Compress-1-buggy_ind1,add_test.java,org.apache.commons.compress.archivers.CpioTestCase,testCpioCloseIdempotency,Not Pass,Pass,Pass,,,,,,
Compress,3,Compress-3-buggy_ind1,add_test.java,org.apache.commons.compress.archivers.ArchiveOutputStreamTest,testFinishWithoutEntry,Not Pass,Pass,Pass,,,,,,
Compress,3,Compress-3-buggy_ind2,add_test1.java,org.apache.commons.compress.archivers.ArchiveOutputStreamTest,testFinishAfterCloseEntry,Not Pass,Pass,Pass,,,,,,
Compress,4,Compress-4-buggy_ind1,add_test.java,org.apache.commons.compress.archivers.jar.JarArchiveOutputStreamTest,testCloseWithFinishException,Not Pass,Pass,Pass,,,,,,
Compress,4,Compress-4-buggy_ind2,add_test1.java,org.apache.commons.compress.archivers.zip.UTF8ZipFilesTest,testCloseAfterException,Not Pass,Pass,Pass,,,,,,
Compress,8,Compress-8-buggy_ind3,add_test2.java,org.apache.commons.compress.archivers.tar.TarUtilsTest,testParseOctalValidWithTrailingSpace,Not Pass,Pass,Pass,,,,,,
Compress,8,Compress-8-buggy_ind4,add_test3.java,org.apache.commons.compress.archivers.tar.TarUtilsTest,testParseOctalValidWithTrailingNul,Not Pass,Pass,Pass,,,,,,
Compress,14,Compress-14-buggy_ind1,add_test.java,org.apache.commons.compress.archivers.tar.TarArchiveInputStreamTest,parseOctalWithMinimalLength,Not Pass,Pass,Pass,,,,,,
Compress,14,Compress-14-buggy_ind2,add_test1.java,org.apache.commons.compress.archivers.tar.TarArchiveInputStreamTest,parseOctalWithOnlyTrailers,Not Pass,Pass,Pass,,,,,,
Compress,14,Compress-14-buggy_ind3,add_test2.java,org.apache.commons.compress.archivers.tar.TarArchiveInputStreamTest,parseOctalWithLeadingSpacesAndMinimal,Not Pass,Pass,Pass,,,,,,
Compress,16,Compress-16-buggy_ind2,add_test1.java,org.apache.commons.compress.archivers.ArchiveStreamFactoryTest,testShortStreamLessThan512Bytes,Not Pass,Pass,Pass,,,,,,
Compress,24,Compress-24-buggy_ind1,add_test.java,org.apache.commons.compress.archivers.tar.TarUtilsTest,testParseOctalMultipleTrailingSpacesAndNuls,Not Pass,Pass,Pass,,,,,,
Compress,24,Compress-24-buggy_ind3,add_test2.java,org.apache.commons.compress.archivers.tar.TarUtilsTest,testParseOctalLeadingSpacesWithTrailing,Not Pass,Pass,Pass,,,,,,
Compress,31,Compress-31-buggy_ind2,add_test1.java,org.apache.commons.compress.archivers.tar.TarUtilsTest,testParseOctalTrailingNulsOnly,Not Pass,Pass,Pass,,,,,,
Compress,40,Compress-40-buggy_ind1,add_test.java,org.apache.commons.compress.utils.BitInputStreamTest,bigEndianZeroBitsRead,Not Pass,Pass,Pass,,,,,,
Compress,40,Compress-40-buggy_ind2,add_test1.java,org.apache.commons.compress.utils.BitInputStreamTest,littleEndianZeroBitsRead,Not Pass,Pass,Pass,,,,,,
Compress,40,Compress-40-buggy_ind3,add_test2.java,org.apache.commons.compress.utils.BitInputStreamTest,bigEndianMultipleReadsWithBoundary,Not Pass,Pass,Pass,,,,,,
Compress,40,Compress-40-buggy_ind4,add_test3.java,org.apache.commons.compress.utils.BitInputStreamTest,littleEndianSingleBitReads,Not Pass,Pass,Pass,,,,,,
Compress,47,Compress-47-buggy_ind1,add_test.java,org.apache.commons.compress.archivers.zip.ZipArchiveInputStreamTest,canReadEntryDataForUnshrinkingMethod,Not Pass,Pass,Pass,,,,,,
Compress,47,Compress-47-buggy_ind2,add_test1.java,org.apache.commons.compress.archivers.zip.ZipArchiveInputStreamTest,canReadEntryDataForImplodingMethod,Not Pass,Pass,Pass,,,,,,
Compress,47,Compress-47-buggy_ind3,add_test2.java,org.apache.commons.compress.archivers.zip.ZipArchiveInputStreamTest,canReadEntryDataForBzip2Method,Not Pass,Pass,Pass,,,,,,
Csv,7,Csv-7-buggy_ind3,add_test2.java,org.apache.commons.csv.CSVParserTest,testNoDuplicateHeaderEntriesWithEmptyHeader,Not Pass,Pass,Pass,,,,,,
Csv,7,Csv-7-buggy_ind4,add_test3.java,org.apache.commons.csv.CSVParserTest,testNoDuplicateHeaderEntriesWithExplicitHeader,Not Pass,Pass,Pass,,,,,,
Csv,8,Csv-8-buggy_ind3,add_test2.java,org.apache.commons.csv.CSVFormatTest,testNoDuplicateHeaderElements,Not Pass,Pass,Pass,,,,,,
Csv,11,Csv-11-buggy_ind1,add_test.java,org.apache.commons.csv.CSVParserTest,testHeaderDuplicateNonEmpty,Not Pass,Pass,Pass,,,,,,
Csv,11,Csv-11-buggy_ind2,add_test1.java,org.apache.commons.csv.CSVParserTest,testHeaderDuplicateEmptyWithIgnoreFalse,Not Pass,Pass,Pass,,,,,,
Csv,16,Csv-16-buggy_ind1,add_test.java,org.apache.commons.csv.CSVParserTest,testIteratorMultipleHasNextCalls,Not Pass,Pass,Pass,,,,,,
Csv,16,Csv-16-buggy_ind2,add_test1.java,org.apache.commons.csv.CSVParserTest,testIteratorNextWithoutHasNext,Not Pass,Pass,Pass,,,,,,
Csv,16,Csv-16-buggy_ind3,add_test2.java,org.apache.commons.csv.CSVParserTest,testIteratorMixedHasNextAndNext,Not Pass,Pass,Pass,,,,,,
Gson,7,Gson-7-buggy_ind1,add_test.java,com.google.gson.stream.JsonReaderTest,testNextLongWithQuotedValue,Not Pass,Pass,Pass,,,,,,
Gson,7,Gson-7-buggy_ind2,add_test1.java,com.google.gson.stream.JsonReaderTest,testNextIntWithQuotedValue,Not Pass,Pass,Pass,,,,,,
Gson,7,Gson-7-buggy_ind3,add_test2.java,com.google.gson.stream.JsonReaderTest,testNextLongWithSingleQuotedValue,Not Pass,Pass,Pass,,,,,,
Gson,7,Gson-7-buggy_ind4,add_test3.java,com.google.gson.stream.JsonReaderTest,testNextIntWithInvalidQuotedDouble,Not Pass,Pass,Pass,,,,,,
Gson,17,Gson-17-buggy_ind4,add_test3.java,com.google.gson.DefaultDateTypeAdapterTest,testUnexpectedTokenNumber,Not Pass,Pass,Pass,,,,,,
Jacksoncore,4,JacksonCore-4-buggy_ind1,add_test.java,com.fasterxml.jackson.core.util.TestTextBuffer,testExpandAtMaxSegmentLen,Not Pass,Pass,Pass,,,,,,
Jacksoncore,9,JacksonCore-9-buggy_ind1,add_test.java,com.fasterxml.jackson.core.json.TestJsonParser,testGetValueAsTextNullToken,Not Pass,Pass,Pass,,,,,,
Jacksoncore,9,JacksonCore-9-buggy_ind2,add_test1.java,com.fasterxml.jackson.core.json.TestJsonParser,testGetValueAsTextNonString,Not Pass,Pass,Pass,,,,,,
Jacksoncore,10,JacksonCore-10-buggy_ind2,add_test1.java,com.fasterxml.jackson.core.sym.TestByteBasedSymbols,testLargeSpilloverArea,Not Pass,Pass,Pass,,,,,,
Jacksoncore,14,JacksonCore-14-buggy_ind2,add_test1.java,com.fasterxml.jackson.core.io.TestIOContext,testReleaseWithLargerBuffer,Not Pass,Pass,Pass,,,,,,
Jacksoncore,15,JacksonCore-15-buggy_ind1,add_test.java,com.fasterxml.jackson.core.filter.BasicParserFilteringTest,testNotAllowMultipleMatchesWithArray,Not Pass,Pass,Pass,,,,,,
Jacksoncore,15,JacksonCore-15-buggy_ind3,add_test2.java,com.fasterxml.jackson.core.filter.BasicParserFilteringTest,testNotAllowMultipleMatchesFieldAfterObject,Not Pass,Pass,Pass,,,,,,
Jacksoncore,26,JacksonCore-26-buggy_ind2,add_test1.java,com.fasterxml.jackson.core.json.async.AsyncLocationTest,testLocationOffsetsMultipleFeedsLineNumber,Not Pass,Pass,Pass,,,,,,
Jacksondatabind,7,JacksonDatabind-7-buggy_ind1,add_test.java,com.fasterxml.jackson.databind.creators.TestCreatorsDelegating,testDelegateWithTokenBufferStartArray,Not Pass,Pass,Pass,,,,,,
Jacksondatabind,9,JacksonDatabind-9-buggy_ind2,add_test1.java,com.fasterxml.jackson.databind.ser.TestMapSerialization,testPrimitiveClassKeys,Not Pass,Pass,Pass,,,,,,
Jacksondatabind,14,JacksonDatabind-14-buggy_ind2,add_test1.java,com.fasterxml.jackson.databind.convert.TestUpdateValue,testUpdateWithEmptyArray,Not Pass,Pass,Pass,,,,,,
Jacksondatabind,21,JacksonDatabind-21-buggy_ind2,add_test1.java,com.fasterxml.jackson.databind.deser.TestEnumDeserialization,testEnumWithNonBundleAnnotation,Not Pass,Pass,Pass,,,,,,
Jacksondatabind,24,JacksonDatabind-24-buggy_ind1,add_test.java,com.fasterxml.jackson.databind.ser.TestConfig,testDateFormatConfigWithNullDateFormat,Not Pass,Pass,Pass,,,,,,
Jacksondatabind,27,JacksonDatabind-27-buggy_ind1,add_test.java,com.fasterxml.jackson.databind.jsontype.TestExternalId,testExternalIdWithMultiplePropertiesReordered,Not Pass,Pass,Pass,,,,,,
Jacksondatabind,27,JacksonDatabind-27-buggy_ind2,add_test1.java,com.fasterxml.jackson.databind.jsontype.TestExternalId,testExternalIdAsLastProperty,Not Pass,Pass,Pass,,,,,,
Jacksondatabind,32,JacksonDatabind-32-buggy_ind1,add_test.java,com.fasterxml.jackson.databind.deser.TestUntypedDeserialization,testNestedUntyped989_AdditionalEmptyArray,Not Pass,Pass,Pass,,,,,,
Jacksondatabind,32,JacksonDatabind-32-buggy_ind2,add_test1.java,com.fasterxml.jackson.databind.deser.TestUntypedDeserialization,testNestedUntyped989_AdditionalEmptyObjectInMap,Not Pass,Pass,Pass,,,,,,
Jacksondatabind,33,JacksonDatabind-33-buggy_ind1,add_test.java,com.fasterxml.jackson.databind.struct.TestUnwrapped,testUnwrappedWithJsonGetter,Not Pass,Pass,Pass,,,,,,
Jacksondatabind,33,JacksonDatabind-33-buggy_ind2,add_test1.java,com.fasterxml.jackson.databind.struct.TestUnwrapped,testUnwrappedWithJsonProperty,Not Pass,Pass,Pass,,,,,,
Jacksondatabind,35,JacksonDatabind-35-buggy_ind1,add_test.java,com.fasterxml.jackson.databind.jsontype.WrapperObjectWithObjectIdTest,testEmptyCompany,Not Pass,Pass,Pass,,,,,,
Jacksondatabind,38,JacksonDatabind-38-buggy_ind2,add_test1.java,com.fasterxml.jackson.databind.interop.DeprecatedTypeHandling1102Test,testMapWithComplexValue,Not Pass,Pass,Pass,,,,,,
Jacksondatabind,38,JacksonDatabind-38-buggy_ind3,add_test2.java,com.fasterxml.jackson.databind.interop.DeprecatedTypeHandling1102Test,testEmptyCollectionType,Not Pass,Pass,Pass,,,,,,
Jacksondatabind,43,JacksonDatabind-43-buggy_ind2,add_test1.java,com.fasterxml.jackson.databind.objectid.TestObjectIdSerialization,testValidPropertyIdAfterNull,Not Pass,Pass,Pass,,,,,,
Jacksondatabind,48,JacksonDatabind-48-buggy_ind1,add_test.java,com.fasterxml.jackson.databind.ser.TestFeatures,testVisibilityFeaturesGettersOnly,Not Pass,Pass,Pass,,,,,,
Jacksondatabind,48,JacksonDatabind-48-buggy_ind2,add_test1.java,com.fasterxml.jackson.databind.ser.TestFeatures,testVisibilityFeaturesIsGettersOnly,Not Pass,Pass,Pass,,,,,,
Jacksondatabind,50,JacksonDatabind-50-buggy_ind1,add_test.java,com.fasterxml.jackson.databind.objectid.ObjectWithCreator1261Test,testObjectIdsWithBuildException,Not Pass,Pass,Pass,,,,,,
Jacksondatabind,60,JacksonDatabind-60-buggy_ind1,add_test.java,com.fasterxml.jackson.databind.jsontype.TestDefaultWithCreators,testWithCreatorAndJsonValueNullValue,Not Pass,Pass,Pass,,,,,,
Jacksondatabind,61,JacksonDatabind-61-buggy_ind1,add_test.java,com.fasterxml.jackson.databind.jsontype.DefaultTypingWithPrimitivesTest,testDefaultTypingWithInt,Not Pass,Pass,Pass,,,,,,
Jacksondatabind,61,JacksonDatabind-61-buggy_ind2,add_test1.java,com.fasterxml.jackson.databind.jsontype.DefaultTypingWithPrimitivesTest,testDefaultTypingWithBoolean,Not Pass,Pass,Pass,,,,,,
Jacksondatabind,61,JacksonDatabind-61-buggy_ind3,add_test2.java,com.fasterxml.jackson.databind.jsontype.DefaultTypingWithPrimitivesTest,testDefaultTypingWithDouble,Not Pass,Pass,Pass,,,,,,
Jacksondatabind,67,JacksonDatabind-67-buggy_ind1,add_test.java,com.fasterxml.jackson.databind.module.TestCustomEnumKeyDeserializer,testEnumKeyWithoutModifier,Not Pass,Pass,Pass,,,,,,
Jacksondatabind,71,JacksonDatabind-71-buggy_ind1,add_test.java,com.fasterxml.jackson.databind.deser.TestMapDeserialization,testObjectKeyMap,Not Pass,Pass,Pass,,,,,,
Jacksondatabind,73,JacksonDatabind-73-buggy_ind2,add_test1.java,com.fasterxml.jackson.databind.deser.ReadOrWriteOnlyTest,testWriteOnlyProperty,Not Pass,Pass,Pass,,,,,,
Jacksondatabind,75,JacksonDatabind-75-buggy_ind1,add_test.java,com.fasterxml.jackson.databind.struct.EnumFormatShapeTest,testEnumPropertyAsString,Not Pass,Pass,Pass,,,,,,
Jacksondatabind,84,JacksonDatabind-84-buggy_ind1,add_test.java,com.fasterxml.jackson.databind.type.TestTypeFactoryWithRecursiveTypes,testBasePropertiesIncludedWhenSerializingBaseWhenBaseTypeLoadedMultipleTimes,Not Pass,Pass,Pass,,,,,,
Jacksondatabind,85,JacksonDatabind-85-buggy_ind2,add_test1.java,com.fasterxml.jackson.databind.ser.DateSerializationTest,testFormatWithLocale,Not Pass,Pass,Pass,,,,,,
Jacksondatabind,86,JacksonDatabind-86-buggy_ind1,add_test.java,com.fasterxml.jackson.databind.type.RecursiveTypeTest,testMultipleConstructionOfSameRecursiveType,Not Pass,Pass,Pass,,,,,,
Jacksondatabind,90,JacksonDatabind-90-buggy_ind2,add_test1.java,com.fasterxml.jackson.databind.creators.DelegatingArrayCreator1804Test,testDelegatingArrayNull1804,Not Pass,Pass,Pass,,,,,,
Jacksondatabind,95,JacksonDatabind-95-buggy_ind1,add_test.java,com.fasterxml.jackson.databind.type.TestTypeFactory,testConstructSpecializedTypeForEnumSet,Not Pass,Pass,Pass,,,,,,
Jacksondatabind,95,JacksonDatabind-95-buggy_ind2,add_test1.java,com.fasterxml.jackson.databind.type.TestTypeFactory,testConstructSpecializedTypeForHashMap,Not Pass,Pass,Pass,,,,,,
Jacksondatabind,95,JacksonDatabind-95-buggy_ind3,add_test2.java,com.fasterxml.jackson.databind.type.TestTypeFactory,testConstructSpecializedTypeForArrayList,Not Pass,Pass,Pass,,,,,,
Jacksondatabind,99,JacksonDatabind-99-buggy_ind1,add_test.java,com.fasterxml.jackson.databind.type.TestTypeFactory,testCanonicalNamesAdditional1,Not Pass,Pass,Pass,,,,,,
Jacksondatabind,99,JacksonDatabind-99-buggy_ind3,add_test2.java,com.fasterxml.jackson.databind.type.TestTypeFactory,testCanonicalNamesAdditional3,Not Pass,Pass,Pass,,,,,,
Jacksondatabind,101,JacksonDatabind-101-buggy_ind1,add_test.java,com.fasterxml.jackson.databind.struct.TestUnwrapped,testIssue2088UnwrappedFieldsOnlyBeforeCreatorProps,Not Pass,Pass,Pass,,,,,,
Jacksondatabind,101,JacksonDatabind-101-buggy_ind2,add_test1.java,com.fasterxml.jackson.databind.struct.TestUnwrapped,testIssue2088UnwrappedFieldsBeforeAndAfterFirstCreatorProp,Not Pass,Pass,Pass,,,,,,
Jacksondatabind,102,JacksonDatabind-102-buggy_ind3,add_test2.java,com.fasterxml.jackson.databind.ser.jdk.SqlDateSerializationTest,testSqlDateConfigOverrideNumericShape,Not Pass,Pass,Pass,,,,,,
Jacksondatabind,105,JacksonDatabind-105-buggy_ind1,add_test.java,com.fasterxml.jackson.databind.deser.jdk.JDKScalarsTest,testVoidDeserNull,Not Pass,Pass,Pass,,,,,,
Jacksondatabind,108,JacksonDatabind-108-buggy_ind1,add_test.java,com.fasterxml.jackson.databind.node.EmptyContentAsTreeTest,testNullNodeFromExplicitNullWithParser,Not Pass,Pass,Pass,,,,,,
Jacksondatabind,108,JacksonDatabind-108-buggy_ind2,add_test1.java,com.fasterxml.jackson.databind.node.EmptyContentAsTreeTest,testNonEmptyTreeWithParser,Not Pass,Pass,Pass,,,,,,
Jsoup,1,Jsoup-1-buggy_ind1,add_test.java,org.jsoup.parser.ParserTest,normaliseSingleTextNode,Not Pass,Pass,Pass,,,,,,
Jsoup,1,Jsoup-1-buggy_ind2,add_test1.java,org.jsoup.parser.ParserTest,normaliseMultipleTextNodes,Not Pass,Pass,Pass,,,,,,
Jsoup,1,Jsoup-1-buggy_ind3,add_test2.java,org.jsoup.parser.ParserTest,normaliseEmptyString,Not Pass,Pass,Pass,,,,,,
Jsoup,2,Jsoup-2-buggy_ind1,add_test.java,org.jsoup.parser.ParserTest,handlesMultipleDataTagsInSequence,Not Pass,Pass,Pass,,,,,,
Jsoup,4,Jsoup-4-buggy_ind3,add_test2.java,org.jsoup.nodes.EntitiesTest,unescapeMixedValidInvalid,Not Pass,Pass,Pass,,,,,,
Jsoup,13,Jsoup-13-buggy_ind1,add_test.java,org.jsoup.nodes.NodeTest,handlesAbsPrefixWithEmptyBaseUri,Not Pass,Pass,Pass,,,,,,
Jsoup,13,Jsoup-13-buggy_ind3,add_test2.java,org.jsoup.nodes.NodeTest,handlesAbsPrefixWithMissingAttr,Not Pass,Pass,Pass,,,,,,
Jsoup,14,Jsoup-14-buggy_ind1,add_test.java,org.jsoup.parser.ParserTest,handlesTextareaWithMixedCaseClosingTag,Not Pass,Pass,Pass,,,,,,
Jsoup,14,Jsoup-14-buggy_ind2,add_test1.java,org.jsoup.parser.ParserTest,handlesTitleWithAllUppercaseClosingTag,Not Pass,Pass,Pass,,,,,,
Jsoup,14,Jsoup-14-buggy_ind3,add_test2.java,org.jsoup.parser.ParserTest,handlesTextareaWithUppercaseClosingTag,Not Pass,Pass,Pass,,,,,,
Jsoup,15,Jsoup-15-buggy_ind1,add_test.java,org.jsoup.parser.ParserTest,handlesMarqueeEndTag,Not Pass,Pass,Pass,,,,,,
Jsoup,15,Jsoup-15-buggy_ind2,add_test1.java,org.jsoup.parser.ParserTest,handlesAppletEndTag,Not Pass,Pass,Pass,,,,,,
Jsoup,15,Jsoup-15-buggy_ind3,add_test2.java,org.jsoup.parser.ParserTest,handlesObjectEndTag,Not Pass,Pass,Pass,,,,,,
Jsoup,16,Jsoup-16-buggy_ind1,add_test.java,org.jsoup.nodes.DocumentTypeTest,constructorValidationThrowsExceptionOnNullName,Not Pass,Pass,Pass,,,,,,
Jsoup,16,Jsoup-16-buggy_ind3,add_test2.java,org.jsoup.nodes.DocumentTypeTest,outerHtmlGenerationWithPublicIdOnly,Not Pass,Pass,Pass,,,,,,
Jsoup,21,Jsoup-21-buggy_ind2,add_test1.java,org.jsoup.select.SelectorTest,handlesCommaWithSingleSelector,Not Pass,Pass,Pass,,,,,,
Jsoup,28,Jsoup-28-buggy_ind3,add_test2.java,org.jsoup.nodes.EntitiesTest,boundaryCharacterValue,Not Pass,Pass,Pass,,,,,,
Jsoup,33,Jsoup-33-buggy_ind1,add_test.java,org.jsoup.parser.HtmlParserTest,handlesUnknownSelfClosingTags,Not Pass,Pass,Pass,,,,,,
Jsoup,33,Jsoup-33-buggy_ind2,add_test1.java,org.jsoup.parser.HtmlParserTest,handlesKnownVoidElementsSelfClosing,Not Pass,Pass,Pass,,,,,,
Jsoup,33,Jsoup-33-buggy_ind3,add_test2.java,org.jsoup.parser.HtmlParserTest,handlesNestedKnownTagsSelfClosing,Not Pass,Pass,Pass,,,,,,
Jsoup,36,Jsoup-36-buggy_ind4,add_test3.java,org.jsoup.integration.ParseTest,testHtml5CharsetWithSingleQuote,Not Pass,Pass,Pass,,,,,,
Jsoup,44,Jsoup-44-buggy_ind1,add_test.java,org.jsoup.parser.HtmlParserTest,testStartTagWithNameOnly,Not Pass,Pass,Pass,,,,,,
Jsoup,44,Jsoup-44-buggy_ind2,add_test1.java,org.jsoup.parser.HtmlParserTest,testEndTagProcessing,Not Pass,Pass,Pass,,,,,,
Jsoup,49,Jsoup-49-buggy_ind2,add_test1.java,org.jsoup.nodes.ElementTest,insertChildrenFromDifferentParents,Not Pass,Pass,Pass,,,,,,
Jsoup,53,Jsoup-53-buggy_ind2,add_test1.java,org.jsoup.select.SelectorTest,attributeWithEscapedBrackets,Not Pass,Pass,Pass,,,,,,
Jsoup,53,Jsoup-53-buggy_ind3,add_test2.java,org.jsoup.select.SelectorTest,attributeWithNestedBrackets,Not Pass,Pass,Pass,,,,,,
Jsoup,58,Jsoup-58-buggy_ind1,add_test.java,org.jsoup.safety.CleanerTest,testIsValidWithEmptyInput,Not Pass,Pass,Pass,,,,,,
Jsoup,58,Jsoup-58-buggy_ind2,add_test1.java,org.jsoup.safety.CleanerTest,testIsValidWithWhitespaceOnly,Not Pass,Pass,Pass,,,,,,
Jsoup,58,Jsoup-58-buggy_ind3,add_test2.java,org.jsoup.safety.CleanerTest,testIsValidWithPlainText,Not Pass,Pass,Pass,,,,,,
Jsoup,58,Jsoup-58-buggy_ind4,add_test3.java,org.jsoup.safety.CleanerTest,testIsValidWithNestedAllowedTags,Not Pass,Pass,Pass,,,,,,
Jsoup,58,Jsoup-58-buggy_ind5,add_test4.java,org.jsoup.safety.CleanerTest,testIsValidWithMultipleTopLevelElements,Not Pass,Pass,Pass,,,,,,
Jsoup,58,Jsoup-58-buggy_ind6,add_test5.java,org.jsoup.safety.CleanerTest,testIsValidWithDisallowedAttribute,Not Pass,Pass,Pass,,,,,,
Jsoup,58,Jsoup-58-buggy_ind7,add_test6.java,org.jsoup.safety.CleanerTest,testIsValidDocumentWithEmptyBody,Not Pass,Pass,Pass,,,,,,
Jsoup,61,Jsoup-61-buggy_ind1,add_test.java,org.jsoup.select.ElementsTest,hasClassWithNullClassAttribute,Not Pass,Pass,Pass,,,,,,
Jsoup,61,Jsoup-61-buggy_ind2,add_test1.java,org.jsoup.select.ElementsTest,hasClassWithEmptyClassAttribute,Not Pass,Pass,Pass,,,,,,
Jsoup,61,Jsoup-61-buggy_ind3,add_test2.java,org.jsoup.select.ElementsTest,hasClassWithMultipleWhitespaces,Not Pass,Pass,Pass,,,,,,
Jsoup,66,Jsoup-66-buggy_ind1,add_test.java,org.jsoup.nodes.ElementTest,testCloneWithMultipleChildren,Not Pass,Pass,Pass,,,,,,
Jsoup,66,Jsoup-66-buggy_ind2,add_test1.java,org.jsoup.nodes.ElementTest,testCloneWithNestedStructure,Not Pass,Pass,Pass,,,,,,
Jsoup,67,Jsoup-67-buggy_ind2,add_test1.java,org.jsoup.parser.HtmlParserTest,handlesDeepTableStructure,Not Pass,Pass,Pass,,,,,,
Jsoup,72,Jsoup-72-buggy_ind1,add_test.java,org.jsoup.parser.CharacterReaderTest,cacheStringWithDifferentHashCollisions,Not Pass,Pass,Pass,,,,,,
Jsoup,72,Jsoup-72-buggy_ind2,add_test1.java,org.jsoup.parser.HtmlParserTest,parseEmptyCommentLikeTag,Not Pass,Pass,Pass,,,,,,
Jsoup,86,Jsoup-86-buggy_ind1,add_test.java,org.jsoup.parser.XmlTreeBuilderTest,handlesShortPseudoXmlDecl,Not Pass,Pass,Pass,,,,,,
Jsoup,93,Jsoup-93-buggy_ind2,add_test1.java,org.jsoup.nodes.FormElementTest,handlesEmptySelectWithoutOptions,Not Pass,Pass,Pass,,,,,,
Jsoup,93,Jsoup-93-buggy_ind3,add_test2.java,org.jsoup.nodes.FormElementTest,handlesRadioWithoutChecked,Not Pass,Pass,Pass,,,,,,
Jxpath,4,JxPath-4-buggy_ind1,add_test.java,org.apache.commons.jxpath.ri.model.XMLSpaceTest,testDefaultSpaceDOM,Not Pass,Pass,Pass,,,,,,
Jxpath,4,JxPath-4-buggy_ind2,add_test1.java,org.apache.commons.jxpath.ri.model.XMLSpaceTest,testDefaultSpaceJDOM,Not Pass,Pass,Pass,,,,,,
Jxpath,6,JxPath-6-buggy_ind1,add_test.java,org.apache.commons.jxpath.ri.compiler.VariableTest,testIterateVariableMultipleMatches,Not Pass,Pass,Pass,,,,,,
Jxpath,6,JxPath-6-buggy_ind2,add_test1.java,org.apache.commons.jxpath.ri.compiler.VariableTest,testIterateVariableNoMatch,Not Pass,Pass,Pass,,,,,,
Jxpath,9,JxPath-9-buggy_ind1,add_test.java,org.apache.commons.jxpath.ri.compiler.CoreOperationTest,testNanNotEqualToZero,Not Pass,Pass,Pass,,,,,,
Jxpath,9,JxPath-9-buggy_ind3,add_test2.java,org.apache.commons.jxpath.ri.compiler.CoreOperationTest,testNormalNumbersEqual,Not Pass,Pass,Pass,,,,,,
Jxpath,9,JxPath-9-buggy_ind4,add_test3.java,org.apache.commons.jxpath.ri.compiler.CoreOperationTest,testNormalNumbersNotEqual,Not Pass,Pass,Pass,,,,,,
Jxpath,10,JxPath-10-buggy_ind1,add_test.java,org.apache.commons.jxpath.ri.compiler.CoreOperationTest,testEmptyNodeSetEqualityWithNonZero,Not Pass,Pass,Pass,,,,,,
Jxpath,10,JxPath-10-buggy_ind3,add_test2.java,org.apache.commons.jxpath.ri.compiler.CoreOperationTest,testEmptyNodeSetWithString,Not Pass,Pass,Pass,,,,,,
Jxpath,11,JxPath-11-buggy_ind1,add_test.java,org.apache.commons.jxpath.ri.model.XMLModelTestCase,testAttributeNamespaceWithExternalPrefix,Not Pass,Pass,Pass,,,,,,
Jxpath,11,JxPath-11-buggy_ind2,add_test1.java,org.apache.commons.jxpath.ri.model.XMLModelTestCase,testAttributeWildcardWithNamespace,Not Pass,Pass,Pass,,,,,,
Jxpath,13,JxPath-13-buggy_ind1,add_test.java,org.apache.commons.jxpath.ri.model.ExternalXMLNamespaceTest,testGetPrefixWithNullPointer,Not Pass,Pass,Pass,,,,,,
Jxpath,15,JxPath-15-buggy_ind1,add_test.java,org.apache.commons.jxpath.ri.model.XMLModelTestCase,testUnionMultipleElements,Not Pass,Pass,Pass,,,,,,
Jxpath,15,JxPath-15-buggy_ind2,add_test1.java,org.apache.commons.jxpath.ri.model.XMLModelTestCase,testUnionThreeElements,Not Pass,Pass,Pass,,,,,,
Jxpath,15,JxPath-15-buggy_ind3,add_test2.java,org.apache.commons.jxpath.ri.model.XMLModelTestCase,testUnionSingleElement,Not Pass,Pass,Pass,,,,,,
Jxpath,18,JxPath-18-buggy_ind1,add_test.java,org.apache.commons.jxpath.ri.model.XMLModelTestCase,testAttributeNodeTypeTest,Not Pass,Pass,Pass,,,,,,
Jxpath,18,JxPath-18-buggy_ind2,add_test1.java,org.apache.commons.jxpath.ri.model.XMLModelTestCase,testAttributeWithNamespaceWildcardMultiple,Not Pass,Pass,Pass,,,,,,
Jxpath,20,JxPath-20-buggy_ind2,add_test1.java,org.apache.commons.jxpath.ri.compiler.JXPath149Test,testNaNWithNumberComparison,Not Pass,Pass,Pass,,,,,,
Lang,1,Lang-1-buggy_ind3,add_test2.java,org.apache.commons.lang3.math.NumberUtilsTest,testHexExactly9And17Digits,Not Pass,Pass,Pass,,,,,,
Lang,9,Lang-9-buggy_ind2,add_test1.java,org.apache.commons.lang3.time.FastDateParserTest,testUnterminatedQuoteMiddle,Not Pass,Pass,Pass,,,,,,
Lang,17,Lang-17-buggy_ind2,add_test1.java,org.apache.commons.lang3.StringEscapeUtilsTest,testLang720_SupplementaryAtEnd,Not Pass,Pass,Pass,,,,,,
Lang,19,Lang-19-buggy_ind2,add_test1.java,org.apache.commons.lang3.text.translate.NumericEntityUnescaperTest,testValidEntitiesWithSemicolon,Not Pass,Pass,Pass,,,,,,
Lang,19,Lang-19-buggy_ind3,add_test2.java,org.apache.commons.lang3.text.translate.NumericEntityUnescaperTest,testSupplementaryCharacter,Not Pass,Pass,Pass,,,,,,
Lang,20,Lang-20-buggy_ind1,add_test.java,org.apache.commons.lang3.StringUtilsTest,testJoin_ArrayChar_MultipleElements,Not Pass,Pass,Pass,,,,,,
Lang,20,Lang-20-buggy_ind2,add_test1.java,org.apache.commons.lang3.StringUtilsTest,testJoin_ArrayString_MultipleElements,Not Pass,Pass,Pass,,,,,,
Lang,30,Lang-30-buggy_ind2,add_test1.java,org.apache.commons.lang3.StringUtilsEqualsIndexOfTest,testContainsAny_WithLoneHighSurrogate,Not Pass,Pass,Pass,,,,,,
Lang,44,Lang-44-buggy_ind1,add_test.java,org.apache.commons.lang.NumberUtilsTest,testLang457Additional1,Not Pass,Pass,Pass,,,,,,
Lang,44,Lang-44-buggy_ind2,add_test1.java,org.apache.commons.lang.NumberUtilsTest,testLang457Additional2,Not Pass,Pass,Pass,,,,,,
Lang,44,Lang-44-buggy_ind3,add_test2.java,org.apache.commons.lang.NumberUtilsTest,testLang457Additional3,Not Pass,Pass,Pass,,,,,,
Lang,45,Lang-45-buggy_ind1,add_test.java,org.apache.commons.lang.WordUtilsTest,testAbbreviateAdditional1,Not Pass,Pass,Pass,,,,,,
Lang,45,Lang-45-buggy_ind3,add_test2.java,org.apache.commons.lang.WordUtilsTest,testAbbreviateAdditional3,Not Pass,Pass,Pass,,,,,,
Lang,63,Lang-63-buggy_ind1,add_test.java,org.apache.commons.lang.time.DurationFormatUtilsTest,testFormatPeriodFebruaryLeapYear,Not Pass,Pass,Pass,,,,,,
Lang,63,Lang-63-buggy_ind2,add_test1.java,org.apache.commons.lang.time.DurationFormatUtilsTest,testFormatPeriodFebruaryNonLeapYear,Not Pass,Pass,Pass,,,,,,
Math,10,Math-10-buggy_ind2,add_test1.java,org.apache.commons.math3.analysis.differentiation.DerivativeStructureTest,testAtan2NegativeXBranch,Not Pass,Pass,Pass,,,,,,
Math,13,Math-13-buggy_ind1,add_test.java,org.apache.commons.math3.optimization.fitting.PolynomialFitterTest,testSmallSampleHighDegree,Not Pass,Pass,Pass,,,,,,
Math,13,Math-13-buggy_ind2,add_test1.java,org.apache.commons.math3.optimization.fitting.PolynomialFitterTest,testMediumSampleLowDegree,Not Pass,Pass,Pass,,,,,,
Math,14,Math-14-buggy_ind3,add_test2.java,org.apache.commons.math3.fitting.PolynomialFitterTest,testVerySmallWeights,Not Pass,Pass,Pass,,,,,,
Math,18,Math-18-buggy_ind1,add_test.java,org.apache.commons.math3.optimization.direct.CMAESOptimizerTest,testBoundariesWithZeroRange,Not Pass,Pass,Pass,,,,,,
Math,18,Math-18-buggy_ind2,add_test1.java,org.apache.commons.math3.optimization.direct.CMAESOptimizerTest,testBoundariesWithVerySmallRange,Not Pass,Pass,Pass,,,,,,
Math,21,Math-21-buggy_ind1,add_test.java,org.apache.commons.math3.linear.RectangularCholeskyDecompositionTest,testDescendingDiagonals,Not Pass,Pass,Pass,,,,,,
Math,25,Math-25-buggy_ind1,add_test.java,org.apache.commons.math3.optimization.fitting.HarmonicFitterTest,testConstantFunction,Not Pass,Pass,Pass,,,,,,
Math,25,Math-25-buggy_ind2,add_test1.java,org.apache.commons.math3.optimization.fitting.HarmonicFitterTest,testLinearFunction,Not Pass,Pass,Pass,,,,,,
Math,30,Math-30-buggy_ind1,add_test.java,org.apache.commons.math3.stat.inference.MannWhitneyUTestTest,testSmallDataSetWithContinuityCorrection,Not Pass,Pass,Pass,,,,,,
Math,30,Math-30-buggy_ind2,add_test1.java,org.apache.commons.math3.stat.inference.MannWhitneyUTestTest,testIdenticalDataSets,Not Pass,Pass,Pass,,,,,,
Math,30,Math-30-buggy_ind3,add_test2.java,org.apache.commons.math3.stat.inference.MannWhitneyUTestTest,testMediumSizedInterleavedDataSet,Not Pass,Pass,Pass,,,,,,
Math,31,Math-31-buggy_ind2,add_test1.java,org.apache.commons.math3.distribution.FDistributionTest,testMath785HighProbability,Not Pass,Pass,Pass,,,,,,
Math,36,Math-36-buggy_ind3,add_test2.java,org.apache.commons.math.fraction.BigFractionTest,testDoubleValueForLargeNumeratorAndSmallDenominator,Not Pass,Pass,Pass,,,,,,
Math,36,Math-36-buggy_ind4,add_test3.java,org.apache.commons.math.fraction.BigFractionTest,testFloatValueForLargeNumeratorAndSmallDenominator,Not Pass,Pass,Pass,,,,,,
Math,40,Math-40-buggy_ind1,add_test.java,org.apache.commons.math.analysis.solvers.BracketingNthOrderBrentSolverTest,testAboveSideWithPositiveRoot,Not Pass,Pass,Pass,,,,,,
Math,40,Math-40-buggy_ind2,add_test1.java,org.apache.commons.math.analysis.solvers.BracketingNthOrderBrentSolverTest,testBelowSideWithNegativeRoot,Not Pass,Pass,Pass,,,,,,
Math,42,Math-42-buggy_ind2,add_test1.java,org.apache.commons.math.optimization.linear.SimplexSolverTest,testMath713MultipleVariablesNegative,Not Pass,Pass,Pass,,,,,,
Math,47,Math-47-buggy_ind3,add_test2.java,org.apache.commons.math.complex.ComplexTest,testDivideNaNByZero,Not Pass,Pass,Pass,,,,,,
Math,48,Math-48-buggy_ind1,add_test.java,org.apache.commons.math.analysis.solvers.RegulaFalsiSolverTest,testConvergenceOnLeftSide,Not Pass,Pass,Pass,,,,,,
Math,48,Math-48-buggy_ind2,add_test1.java,org.apache.commons.math.analysis.solvers.RegulaFalsiSolverTest,testConvergenceOnRightSide,Not Pass,Pass,Pass,,,,,,
Math,48,Math-48-buggy_ind3,add_test2.java,org.apache.commons.math.analysis.solvers.RegulaFalsiSolverTest,testSlowConvergenceCubic,Not Pass,Pass,Pass,,,,,,
Math,51,Math-51-buggy_ind1,add_test.java,org.apache.commons.math.analysis.solvers.RegulaFalsiSolverTest,testIssue631_NegativeRoot,Not Pass,Pass,Pass,,,,,,
Math,52,Math-52-buggy_ind2,add_test1.java,org.apache.commons.math.geometry.euclidean.threed.RotationTest,testRotationConstructorBranch3,Not Pass,Pass,Pass,,,,,,
Math,55,Math-55-buggy_ind1,add_test.java,org.apache.commons.math.geometry.Vector3DTest,testCrossProductOrthogonal,Not Pass,Pass,Pass,,,,,,
Math,55,Math-55-buggy_ind2,add_test1.java,org.apache.commons.math.geometry.Vector3DTest,testCrossProductParallel,Not Pass,Pass,Pass,,,,,,
Math,55,Math-55-buggy_ind3,add_test2.java,org.apache.commons.math.geometry.Vector3DTest,testCrossProductSmallAngle,Not Pass,Pass,Pass,,,,,,
Math,58,Math-58-buggy_ind1,add_test.java,org.apache.commons.math.optimization.fitting.GaussianFitterTest,testMath519_symmetricData,Not Pass,Pass,Pass,,,,,,
Math,58,Math-58-buggy_ind2,add_test1.java,org.apache.commons.math.optimization.fitting.GaussianFitterTest,testMath519_widerPeak,Not Pass,Pass,Pass,,,,,,
Math,62,Math-62-buggy_ind2,add_test1.java,org.apache.commons.math.optimization.univariate.MultiStartUnivariateRealOptimizerTest,testQuinticMaxWithStartValue,Not Pass,Pass,Pass,,,,,,
Math,63,Math-63-buggy_ind2,add_test1.java,org.apache.commons.math.util.MathUtilsTest,testEqualsNaN,Not Pass,Pass,Pass,,,,,,
Math,63,Math-63-buggy_ind3,add_test2.java,org.apache.commons.math.util.MathUtilsTest,testEqualsInfinity,Not Pass,Pass,Pass,,,,,,
Math,69,Math-69-buggy_ind1,add_test.java,org.apache.commons.math.stat.correlation.PearsonsCorrelationTest,testPValueWithPerfectCorrelation,Not Pass,Pass,Pass,,,,,,
Math,69,Math-69-buggy_ind2,add_test1.java,org.apache.commons.math.stat.correlation.PearsonsCorrelationTest,testPValueWithNegativeHighCorrelation,Not Pass,Pass,Pass,,,,,,
Math,76,Math-76-buggy_ind1,add_test.java,org.apache.commons.math.linear.SingularValueSolverTest,testTallMatrix,Not Pass,Pass,Pass,,,,,,
Math,76,Math-76-buggy_ind2,add_test1.java,org.apache.commons.math.linear.SingularValueSolverTest,testWideMatrix,Not Pass,Pass,Pass,,,,,,
Math,78,Math-78-buggy_ind2,add_test1.java,org.apache.commons.math.ode.events.EventStateTest,eventNearStepStart,Not Pass,Pass,Pass,,,,,,
Math,80,Math-80-buggy_ind1,add_test.java,org.apache.commons.math.linear.EigenDecompositionImplTest,testFlipNotTriggered,Not Pass,Pass,Pass,,,,,,
Math,80,Math-80-buggy_ind3,add_test2.java,org.apache.commons.math.linear.EigenDecompositionImplTest,testLargeGapEigenvalues,Not Pass,Pass,Pass,,,,,,
Math,81,Math-81-buggy_ind1,add_test.java,org.apache.commons.math.linear.EigenDecompositionImplTest,testMath308SingleElementMatrix,Not Pass,Pass,Pass,,,,,,
Math,87,Math-87-buggy_ind1,add_test.java,org.apache.commons.math.optimization.linear.SimplexSolverTest,testMultipleVariablesWithBasicColumn,Not Pass,Pass,Pass,,,,,,
Math,87,Math-87-buggy_ind2,add_test1.java,org.apache.commons.math.optimization.linear.SimplexSolverTest,testTwoVariablesWithIdentitySlack,Not Pass,Pass,Pass,,,,,,
Math,92,Math-92-buggy_ind2,add_test1.java,org.apache.commons.math.util.MathUtilsTest,testBinomialCoefficientBoundaryValues,Not Pass,Pass,Pass,,,,,,
Math,93,Math-93-buggy_ind1,add_test.java,org.apache.commons.math.util.MathUtilsTest,testFactorialLargeValue,Not Pass,Pass,Pass,,,,,,
Math,93,Math-93-buggy_ind2,add_test1.java,org.apache.commons.math.util.MathUtilsTest,testFactorialNegative,Not Pass,Pass,Pass,,,,,,
Math,102,Math-102-buggy_ind2,add_test1.java,org.apache.commons.math.stat.inference.ChiSquareTestTest,testChiSquareWithZeroObserved,Not Pass,Pass,Pass,,,,,,
Math,102,Math-102-buggy_ind3,add_test2.java,org.apache.commons.math.stat.inference.TestUtilsTest,testChiSquareAllEqual,Not Pass,Pass,Pass,,,,,,
Math,103,Math-103-buggy_ind2,add_test1.java,org.apache.commons.math.distribution.NormalDistributionTest,testNegativeMeanExtremeValues,Not Pass,Pass,Pass,,,,,,
Math,103,Math-103-buggy_ind3,add_test2.java,org.apache.commons.math.distribution.NormalDistributionTest,testLargeStandardDeviation,Not Pass,Pass,Pass,,,,,,
Math,105,Math-105-buggy_ind1,add_test.java,org.apache.commons.math.stat.regression.SimpleRegressionTest,testSSEWithPerfectFit,Not Pass,Pass,Pass,,,,,,
Mockito,1,Mockito-1-buggy_ind2,add_test1.java,org.mockito.internal.invocation.InvocationMatcherTest,should_not_capture_when_matcher_is_not_capturing,Not Pass,Pass,Pass,,,,,,
Mockito,4,Mockito-4-buggy_ind3,add_test2.java,org.mockito.exceptions.ReporterTest,should_handle_null_mock_in_noMoreInteractionsWanted,Not Pass,Pass,Pass,,,,,,
Mockito,8,Mockito-8-buggy_ind1,add_test.java,org.mockito.internal.util.reflection.GenericMetadataSupportTest,typeVariable_of_nested_parameterized_type,Not Pass,Pass,Pass,,,,,,
Mockito,8,Mockito-8-buggy_ind2,add_test1.java,org.mockito.internal.util.reflection.GenericMetadataSupportTest,typeVariable_of_multiple_nested_generics,Not Pass,Pass,Pass,,,,,,
Mockito,11,Mockito-11-buggy_ind1,add_test.java,org.mockito.internal.creation.DelegatingMethodTest,equals_should_return_false_when_null,Not Pass,Pass,Pass,,,,,,
Mockito,11,Mockito-11-buggy_ind2,add_test1.java,org.mockito.internal.creation.DelegatingMethodTest,equals_should_return_false_when_different_type,Not Pass,Pass,Pass,,,,,,
Mockito,22,Mockito-22-buggy_ind1,add_test.java,org.mockito.internal.matchers.EqualityTest,shouldReturnFalseWhenComparingNonArrayWithArray,Not Pass,Pass,Pass,,,,,,
Mockito,22,Mockito-22-buggy_ind2,add_test1.java,org.mockito.internal.matchers.EqualityTest,shouldHandleNullComparisons,Not Pass,Pass,Pass,,,,,,
Time,1,Time-1-buggy_ind1,add_test.java,org.joda.time.TestPartial_Constructors,testConstructorEx7_TypeArray_intArray_AdditionalCase1,Not Pass,Pass,Pass,,,,,,
Time,1,Time-1-buggy_ind2,add_test1.java,org.joda.time.TestPartial_Constructors,testConstructorEx7_TypeArray_intArray_AdditionalCase2,Not Pass,Pass,Pass,,,,,,
Time,5,Time-5-buggy_ind2,add_test1.java,org.joda.time.TestPeriod_Basics,testNormalizedStandard_periodType_years1,Not Pass,Pass,Pass,,,,,,
Time,6,Time-6-buggy_ind1,add_test.java,org.joda.time.chrono.TestGJDate,test_cutoverAtEpoch,Not Pass,Pass,Pass,,,,,,
Time,6,Time-6-buggy_ind2,add_test1.java,org.joda.time.chrono.TestGJDate,test_cutoverAtYearOne,Not Pass,Pass,Pass,,,,,,
Time,7,Time-7-buggy_ind1,add_test.java,org.joda.time.format.TestDateTimeFormatter,testParseInto_monthDay_withZoneChange,Not Pass,Pass,Pass,,,,,,
Time,7,Time-7-buggy_ind4,add_test3.java,org.joda.time.format.TestDateTimeFormatter,testParseInto_monthDay_endOfYear_differentZone,Not Pass,Pass,Pass,,,,,,
Time,12,Time-12-buggy_ind1,add_test.java,org.joda.time.TestLocalDate_Constructors,testFactory_fromCalendarFields_AD,Not Pass,Pass,Pass,,,,,,
Time,12,Time-12-buggy_ind2,add_test1.java,org.joda.time.TestLocalDateTime_Constructors,testFactory_fromCalendarFields_AD,Not Pass,Pass,Pass,,,,,,
Time,22,Time-22-buggy_ind2,add_test1.java,org.joda.time.TestDuration_Basics,testToPeriod_fixedZone_boundary,Not Pass,Pass,Pass,,,,,,
Time,27,Time-27-buggy_ind3,add_test2.java,org.joda.time.format.TestPeriodFormatterBuilder,testMultipleSeparators,Not Pass,Pass,Pass,,,,,,