bug_id,folder,function_id,line_in_method,executed,prediction
1,Cli-1-buggy,function_1,1,,TRUE
1,Cli-1-buggy,function_1,2,,TRUE
1,Cli-1-buggy,function_1,3,True,TRUE
1,Cli-1-buggy,function_1,4,,TRUE
1,Cli-1-buggy,function_2,1,,FALSE
1,Cli-1-buggy,function_2,2,,FALSE
1,Cli-1-buggy,function_2,3,False,FALSE
1,Cli-1-buggy,function_2,4,,FALSE
1,Cli-1-buggy,function_2,5,False,FALSE
1,Cli-1-buggy,function_2,6,,FALSE
1,Cli-1-buggy,function_2,7,False,FALSE
1,Cli-1-buggy,function_2,8,,FALSE
1,Cli-1-buggy,function_2,9,,FALSE
1,Cli-1-buggy,function_2,10,False,FALSE
1,Cli-1-buggy,function_2,11,,FALSE
1,Cli-1-buggy,function_2,12,False,FALSE
1,Cli-1-buggy,function_2,13,,FALSE
1,Cli-1-buggy,function_3,1,,FALSE
1,Cli-1-buggy,function_3,2,,FALSE
1,Cli-1-buggy,function_3,3,True,FALSE
1,Cli-1-buggy,function_3,4,,FALSE
1,Cli-1-buggy,function_3,5,True,FALSE
1,Cli-1-buggy,function_3,6,True,FALSE
1,Cli-1-buggy,function_3,7,,FALSE
1,Cli-1-buggy,function_3,8,True,FALSE
1,Cli-1-buggy,function_3,9,,FALSE
1,Cli-1-buggy,function_3,10,True,FALSE
1,Cli-1-buggy,function_3,11,,FALSE
1,Cli-1-buggy,function_3,12,True,FALSE
1,Cli-1-buggy,function_3,13,,FALSE
1,Cli-1-buggy,function_3,14,,FALSE
1,Cli-1-buggy,function_3,15,False,FALSE
1,Cli-1-buggy,function_3,16,,FALSE
1,Cli-1-buggy,function_4,1,,TRUE
1,Cli-1-buggy,function_4,2,,TRUE
1,Cli-1-buggy,function_4,3,True,TRUE
1,Cli-1-buggy,function_4,4,True,TRUE
1,Cli-1-buggy,function_4,5,True,TRUE
1,Cli-1-buggy,function_4,6,,FALSE
1,Cli-1-buggy,function_4,7,False,FALSE
1,Cli-1-buggy,function_4,8,,FALSE
1,Cli-1-buggy,function_4,9,,TRUE
1,Cli-1-buggy,function_4,10,,TRUE
1,Cli-1-buggy,function_4,11,True,TRUE
1,Cli-1-buggy,function_4,12,,TRUE
1,Cli-1-buggy,function_4,13,True,TRUE
1,Cli-1-buggy,function_4,14,True,TRUE
1,Cli-1-buggy,function_5,1,,FALSE
1,Cli-1-buggy,function_5,2,,FALSE
1,Cli-1-buggy,function_5,3,False,FALSE
1,Cli-1-buggy,function_5,4,,FALSE
1,Cli-1-buggy,function_6,1,,FALSE
1,Cli-1-buggy,function_6,2,,FALSE
1,Cli-1-buggy,function_6,3,False,FALSE
1,Cli-1-buggy,function_6,4,,FALSE
1,Cli-1-buggy,function_6,5,,FALSE
1,Cli-1-buggy,function_6,6,False,FALSE
1,Cli-1-buggy,function_6,7,,FALSE
1,Cli-1-buggy,function_6,8,,FALSE
1,Cli-1-buggy,function_6,9,False,FALSE
1,Cli-1-buggy,function_6,10,,FALSE
10,Cli-10-buggy,function_1,1,,TRUE
10,Cli-10-buggy,function_1,2,True,TRUE
10,Cli-10-buggy,function_1,3,True,TRUE
10,Cli-10-buggy,function_1,4,True,TRUE
11,Cli-11-buggy,function_1,1,,FALSE
11,Cli-11-buggy,function_1,2,,FALSE
11,Cli-11-buggy,function_1,3,,FALSE
11,Cli-11-buggy,function_1,4,,TRUE
11,Cli-11-buggy,function_1,5,True,TRUE
11,Cli-11-buggy,function_1,6,,FALSE
11,Cli-11-buggy,function_1,7,False,FALSE
11,Cli-11-buggy,function_1,8,,FALSE
11,Cli-11-buggy,function_1,9,,FALSE
11,Cli-11-buggy,function_1,10,True,TRUE
11,Cli-11-buggy,function_1,11,,TRUE
11,Cli-11-buggy,function_1,12,True,TRUE
11,Cli-11-buggy,function_1,13,,TRUE
11,Cli-11-buggy,function_1,14,,FALSE
11,Cli-11-buggy,function_1,15,,FALSE
11,Cli-11-buggy,function_1,16,False,FALSE
11,Cli-11-buggy,function_1,17,,FALSE
11,Cli-11-buggy,function_1,18,,FALSE
11,Cli-11-buggy,function_1,19,,FALSE
11,Cli-11-buggy,function_1,20,True,TRUE
11,Cli-11-buggy,function_1,21,,TRUE
11,Cli-11-buggy,function_1,22,True,TRUE
11,Cli-11-buggy,function_1,23,,TRUE
11,Cli-11-buggy,function_1,24,,FALSE
11,Cli-11-buggy,function_1,25,,FALSE
11,Cli-11-buggy,function_1,26,True,TRUE
11,Cli-11-buggy,function_1,27,,FALSE
11,Cli-11-buggy,function_1,28,False,FALSE
11,Cli-11-buggy,function_1,29,,FALSE
11,Cli-11-buggy,function_1,30,True,TRUE
12,Cli-12-buggy,function_1,1,,TRUE
12,Cli-12-buggy,function_1,2,,TRUE
12,Cli-12-buggy,function_1,3,True,TRUE
12,Cli-12-buggy,function_1,4,,FALSE
12,Cli-12-buggy,function_1,5,True,TRUE
12,Cli-12-buggy,function_1,6,,FALSE
12,Cli-12-buggy,function_1,7,True,TRUE
12,Cli-12-buggy,function_1,8,,TRUE
12,Cli-12-buggy,function_1,9,True,TRUE
12,Cli-12-buggy,function_1,10,,FALSE
12,Cli-12-buggy,function_1,11,True,TRUE
12,Cli-12-buggy,function_1,12,,FALSE
12,Cli-12-buggy,function_1,13,False,FALSE
12,Cli-12-buggy,function_1,14,False,FALSE
12,Cli-12-buggy,function_1,15,,FALSE
12,Cli-12-buggy,function_1,16,True,TRUE
12,Cli-12-buggy,function_1,17,,FALSE
12,Cli-12-buggy,function_1,18,False,FALSE
12,Cli-12-buggy,function_1,19,,FALSE
12,Cli-12-buggy,function_1,20,True,TRUE
12,Cli-12-buggy,function_1,21,,TRUE
12,Cli-12-buggy,function_1,22,True,TRUE
12,Cli-12-buggy,function_1,23,,FALSE
12,Cli-12-buggy,function_1,24,True,TRUE
12,Cli-12-buggy,function_1,25,,FALSE
12,Cli-12-buggy,function_1,26,False,FALSE
12,Cli-12-buggy,function_1,27,,FALSE
12,Cli-12-buggy,function_1,28,,TRUE
12,Cli-12-buggy,function_1,29,,FALSE
12,Cli-12-buggy,function_1,30,True,TRUE
12,Cli-12-buggy,function_1,31,,FALSE
12,Cli-12-buggy,function_1,32,,FALSE
12,Cli-12-buggy,function_1,33,,FALSE
12,Cli-12-buggy,function_1,34,True,TRUE
12,Cli-12-buggy,function_1,35,True,TRUE
12,Cli-12-buggy,function_1,36,,FALSE
12,Cli-12-buggy,function_1,37,,TRUE
12,Cli-12-buggy,function_1,38,,FALSE
12,Cli-12-buggy,function_1,39,True,TRUE
12,Cli-12-buggy,function_1,40,True,TRUE
12,Cli-12-buggy,function_1,41,,FALSE
12,Cli-12-buggy,function_1,42,,FALSE
12,Cli-12-buggy,function_1,43,True,FALSE
12,Cli-12-buggy,function_1,44,,FALSE
12,Cli-12-buggy,function_1,45,,FALSE
12,Cli-12-buggy,function_1,46,False,FALSE
12,Cli-12-buggy,function_1,47,,FALSE
12,Cli-12-buggy,function_1,48,,FALSE
12,Cli-12-buggy,function_1,49,True,TRUE
12,Cli-12-buggy,function_1,50,,FALSE
12,Cli-12-buggy,function_1,51,False,FALSE
12,Cli-12-buggy,function_1,52,,FALSE
12,Cli-12-buggy,function_1,53,False,FALSE
12,Cli-12-buggy,function_1,54,,FALSE
12,Cli-12-buggy,function_1,55,,FALSE
12,Cli-12-buggy,function_1,56,,FALSE
12,Cli-12-buggy,function_1,57,,FALSE
12,Cli-12-buggy,function_1,58,True,TRUE
12,Cli-12-buggy,function_1,59,,FALSE
13,Cli-13-buggy,function_1,1,,FALSE
13,Cli-13-buggy,function_1,2,,FALSE
13,Cli-13-buggy,function_1,3,,FALSE
13,Cli-13-buggy,function_1,4,True,FALSE
13,Cli-13-buggy,function_1,5,,FALSE
13,Cli-13-buggy,function_1,6,,FALSE
13,Cli-13-buggy,function_1,7,True,FALSE
13,Cli-13-buggy,function_1,8,False,FALSE
13,Cli-13-buggy,function_1,9,,FALSE
13,Cli-13-buggy,function_1,10,,FALSE
13,Cli-13-buggy,function_1,11,,FALSE
13,Cli-13-buggy,function_1,12,True,FALSE
13,Cli-13-buggy,function_1,13,False,FALSE
13,Cli-13-buggy,function_1,14,,FALSE
13,Cli-13-buggy,function_1,15,,FALSE
13,Cli-13-buggy,function_1,16,,FALSE
13,Cli-13-buggy,function_1,17,True,FALSE
13,Cli-13-buggy,function_1,18,False,FALSE
13,Cli-13-buggy,function_1,19,,FALSE
13,Cli-13-buggy,function_1,20,,FALSE
13,Cli-13-buggy,function_1,21,True,FALSE
13,Cli-13-buggy,function_1,22,,FALSE
13,Cli-13-buggy,function_2,1,,TRUE
13,Cli-13-buggy,function_2,2,,TRUE
13,Cli-13-buggy,function_2,3,,TRUE
13,Cli-13-buggy,function_2,4,,TRUE
13,Cli-13-buggy,function_2,5,,FALSE
13,Cli-13-buggy,function_2,6,True,TRUE
13,Cli-13-buggy,function_2,7,,FALSE
13,Cli-13-buggy,function_2,8,True,TRUE
13,Cli-13-buggy,function_2,9,True,TRUE
13,Cli-13-buggy,function_2,10,True,TRUE
13,Cli-13-buggy,function_2,11,,FALSE
13,Cli-13-buggy,function_2,12,,FALSE
13,Cli-13-buggy,function_2,13,True,TRUE
13,Cli-13-buggy,function_2,14,False,FALSE
13,Cli-13-buggy,function_2,15,False,FALSE
13,Cli-13-buggy,function_2,16,False,FALSE
13,Cli-13-buggy,function_2,17,,FALSE
13,Cli-13-buggy,function_2,18,,FALSE
13,Cli-13-buggy,function_2,19,,FALSE
13,Cli-13-buggy,function_2,20,True,TRUE
13,Cli-13-buggy,function_2,21,False,FALSE
13,Cli-13-buggy,function_2,22,,FALSE
13,Cli-13-buggy,function_2,23,False,FALSE
13,Cli-13-buggy,function_2,24,,FALSE
13,Cli-13-buggy,function_2,25,,FALSE
13,Cli-13-buggy,function_2,26,True,TRUE
13,Cli-13-buggy,function_2,27,False,FALSE
13,Cli-13-buggy,function_2,28,False,FALSE
13,Cli-13-buggy,function_2,29,,FALSE
13,Cli-13-buggy,function_2,30,False,FALSE
13,Cli-13-buggy,function_2,31,,FALSE
13,Cli-13-buggy,function_2,32,False,FALSE
13,Cli-13-buggy,function_2,33,False,FALSE
13,Cli-13-buggy,function_2,34,,FALSE
13,Cli-13-buggy,function_2,35,False,FALSE
13,Cli-13-buggy,function_2,36,False,FALSE
13,Cli-13-buggy,function_2,37,False,FALSE
13,Cli-13-buggy,function_2,38,False,FALSE
13,Cli-13-buggy,function_2,39,,FALSE
13,Cli-13-buggy,function_2,40,False,FALSE
13,Cli-13-buggy,function_2,41,False,FALSE
13,Cli-13-buggy,function_2,42,False,FALSE
13,Cli-13-buggy,function_2,43,,FALSE
13,Cli-13-buggy,function_2,44,False,FALSE
13,Cli-13-buggy,function_2,45,,FALSE
13,Cli-13-buggy,function_2,46,,FALSE
13,Cli-13-buggy,function_2,47,True,TRUE
13,Cli-13-buggy,function_2,48,True,TRUE
13,Cli-13-buggy,function_2,49,,FALSE
13,Cli-13-buggy,function_2,50,True,TRUE
13,Cli-13-buggy,function_2,51,True,FALSE
14,Cli-14-buggy,function_1,1,,TRUE
14,Cli-14-buggy,function_1,2,,TRUE
14,Cli-14-buggy,function_1,3,,FALSE
14,Cli-14-buggy,function_1,4,True,TRUE
14,Cli-14-buggy,function_1,5,,FALSE
14,Cli-14-buggy,function_1,6,,FALSE
14,Cli-14-buggy,function_1,7,True,TRUE
14,Cli-14-buggy,function_1,8,,FALSE
14,Cli-14-buggy,function_1,9,True,TRUE
14,Cli-14-buggy,function_1,10,True,TRUE
14,Cli-14-buggy,function_1,11,,FALSE
14,Cli-14-buggy,function_1,12,,FALSE
14,Cli-14-buggy,function_1,13,True,TRUE
14,Cli-14-buggy,function_1,14,True,TRUE
14,Cli-14-buggy,function_1,15,True,TRUE
14,Cli-14-buggy,function_1,16,,FALSE
14,Cli-14-buggy,function_1,17,,FALSE
14,Cli-14-buggy,function_1,18,,FALSE
14,Cli-14-buggy,function_1,19,False,TRUE
14,Cli-14-buggy,function_1,20,False,TRUE
14,Cli-14-buggy,function_1,21,False,FALSE
14,Cli-14-buggy,function_1,22,,FALSE
14,Cli-14-buggy,function_1,23,False,FALSE
14,Cli-14-buggy,function_1,24,,FALSE
14,Cli-14-buggy,function_1,25,,FALSE
14,Cli-14-buggy,function_1,26,False,TRUE
14,Cli-14-buggy,function_1,27,,FALSE
14,Cli-14-buggy,function_1,28,False,FALSE
14,Cli-14-buggy,function_1,29,,FALSE
14,Cli-14-buggy,function_1,30,,FALSE
14,Cli-14-buggy,function_1,31,False,TRUE
14,Cli-14-buggy,function_1,32,False,FALSE
14,Cli-14-buggy,function_1,33,False,FALSE
14,Cli-14-buggy,function_1,34,,FALSE
14,Cli-14-buggy,function_1,35,,FALSE
14,Cli-14-buggy,function_1,36,,FALSE
14,Cli-14-buggy,function_1,37,False,TRUE
14,Cli-14-buggy,function_1,38,False,FALSE
14,Cli-14-buggy,function_1,39,,FALSE
14,Cli-14-buggy,function_1,40,,FALSE
14,Cli-14-buggy,function_1,41,,FALSE
14,Cli-14-buggy,function_1,42,False,TRUE
14,Cli-14-buggy,function_1,43,False,FALSE
14,Cli-14-buggy,function_1,44,False,FALSE
14,Cli-14-buggy,function_1,45,False,FALSE
14,Cli-14-buggy,function_1,46,False,FALSE
15,Cli-15-buggy,function_1,1,,FALSE
15,Cli-15-buggy,function_1,2,,FALSE
15,Cli-15-buggy,function_1,3,,FALSE
15,Cli-15-buggy,function_1,4,True,TRUE
15,Cli-15-buggy,function_1,5,,FALSE
15,Cli-15-buggy,function_1,6,,FALSE
15,Cli-15-buggy,function_1,7,True,TRUE
15,Cli-15-buggy,function_1,8,False,FALSE
15,Cli-15-buggy,function_1,9,,FALSE
15,Cli-15-buggy,function_1,10,,FALSE
15,Cli-15-buggy,function_1,11,,FALSE
15,Cli-15-buggy,function_1,12,True,TRUE
15,Cli-15-buggy,function_1,13,False,FALSE
15,Cli-15-buggy,function_1,14,,FALSE
15,Cli-15-buggy,function_1,15,,FALSE
15,Cli-15-buggy,function_1,16,,FALSE
15,Cli-15-buggy,function_1,17,,FALSE
15,Cli-15-buggy,function_1,18,,FALSE
15,Cli-15-buggy,function_1,19,True,TRUE
15,Cli-15-buggy,function_1,20,,FALSE
16,Cli-16-buggy,function_1,1,,FALSE
16,Cli-16-buggy,function_1,2,,FALSE
16,Cli-16-buggy,function_1,3,,FALSE
16,Cli-16-buggy,function_1,4,,FALSE
16,Cli-16-buggy,function_2,1,,FALSE
16,Cli-16-buggy,function_2,2,True,FALSE
16,Cli-16-buggy,function_2,3,True,FALSE
16,Cli-16-buggy,function_2,4,,FALSE
16,Cli-16-buggy,function_2,5,True,FALSE
16,Cli-16-buggy,function_2,6,True,FALSE
16,Cli-16-buggy,function_2,7,,FALSE
16,Cli-16-buggy,function_2,8,,FALSE
16,Cli-16-buggy,function_2,9,,FALSE
16,Cli-16-buggy,function_2,10,True,FALSE
16,Cli-16-buggy,function_3,1,,FALSE
16,Cli-16-buggy,function_3,2,,FALSE
16,Cli-16-buggy,function_3,3,,FALSE
16,Cli-16-buggy,function_3,4,,FALSE
16,Cli-16-buggy,function_3,5,,FALSE
16,Cli-16-buggy,function_3,6,True,TRUE
16,Cli-16-buggy,function_3,7,,FALSE
16,Cli-16-buggy,function_3,8,True,TRUE
16,Cli-16-buggy,function_3,9,True,TRUE
16,Cli-16-buggy,function_3,10,True,TRUE
16,Cli-16-buggy,function_3,11,True,TRUE
16,Cli-16-buggy,function_3,12,,FALSE
16,Cli-16-buggy,function_3,13,,FALSE
16,Cli-16-buggy,function_3,14,,FALSE
16,Cli-16-buggy,function_3,15,True,TRUE
16,Cli-16-buggy,function_3,16,,FALSE
16,Cli-16-buggy,function_3,17,,FALSE
16,Cli-16-buggy,function_3,18,True,TRUE
16,Cli-16-buggy,function_3,19,,FALSE
16,Cli-16-buggy,function_3,20,,FALSE
16,Cli-16-buggy,function_3,21,True,TRUE
16,Cli-16-buggy,function_3,22,,FALSE
16,Cli-16-buggy,function_3,23,,FALSE
16,Cli-16-buggy,function_3,24,True,TRUE
16,Cli-16-buggy,function_3,25,,FALSE
16,Cli-16-buggy,function_3,26,,FALSE
16,Cli-16-buggy,function_3,27,True,TRUE
16,Cli-16-buggy,function_3,28,True,TRUE
16,Cli-16-buggy,function_3,29,,FALSE
16,Cli-16-buggy,function_3,30,True,TRUE
16,Cli-16-buggy,function_3,31,True,TRUE
16,Cli-16-buggy,function_3,32,True,TRUE
16,Cli-16-buggy,function_3,33,,FALSE
16,Cli-16-buggy,function_3,34,True,TRUE
16,Cli-16-buggy,function_3,35,,FALSE
16,Cli-16-buggy,function_3,36,True,TRUE
16,Cli-16-buggy,function_3,37,True,TRUE
16,Cli-16-buggy,function_3,38,,FALSE
16,Cli-16-buggy,function_3,39,,FALSE
16,Cli-16-buggy,function_3,40,,FALSE
16,Cli-16-buggy,function_3,41,True,TRUE
16,Cli-16-buggy,function_3,42,,FALSE
16,Cli-16-buggy,function_3,43,True,FALSE
16,Cli-16-buggy,function_3,44,,FALSE
16,Cli-16-buggy,function_3,45,True,TRUE
16,Cli-16-buggy,function_3,46,True,TRUE
16,Cli-16-buggy,function_3,47,True,TRUE
16,Cli-16-buggy,function_3,48,True,FALSE
16,Cli-16-buggy,function_4,1,,FALSE
16,Cli-16-buggy,function_4,2,,FALSE
16,Cli-16-buggy,function_4,3,True,FALSE
17,Cli-17-buggy,function_1,1,,TRUE
17,Cli-17-buggy,function_1,2,,TRUE
17,Cli-17-buggy,function_1,3,True,TRUE
17,Cli-17-buggy,function_1,4,,TRUE
17,Cli-17-buggy,function_1,5,True,TRUE
17,Cli-17-buggy,function_1,6,,FALSE
17,Cli-17-buggy,function_1,7,True,TRUE
17,Cli-17-buggy,function_1,8,,TRUE
17,Cli-17-buggy,function_1,9,True,TRUE
17,Cli-17-buggy,function_1,10,True,TRUE
17,Cli-17-buggy,function_1,11,,FALSE
17,Cli-17-buggy,function_1,12,True,TRUE
17,Cli-17-buggy,function_1,13,,FALSE
17,Cli-17-buggy,function_1,14,False,FALSE
17,Cli-17-buggy,function_1,15,,FALSE
17,Cli-17-buggy,function_1,16,False,FALSE
17,Cli-17-buggy,function_1,17,,FALSE
17,Cli-17-buggy,function_1,18,,TRUE
17,Cli-17-buggy,function_1,19,True,TRUE
17,Cli-17-buggy,function_1,20,,TRUE
17,Cli-17-buggy,function_1,21,True,TRUE
17,Cli-17-buggy,function_1,22,,TRUE
17,Cli-17-buggy,function_1,23,,FALSE
17,Cli-17-buggy,function_1,24,,FALSE
17,Cli-17-buggy,function_1,25,False,FALSE
17,Cli-17-buggy,function_1,26,False,FALSE
17,Cli-17-buggy,function_1,27,,FALSE
17,Cli-17-buggy,function_1,28,,TRUE
17,Cli-17-buggy,function_1,29,True,TRUE
18,Cli-18-buggy,function_1,1,,TRUE
18,Cli-18-buggy,function_1,2,,FALSE
18,Cli-18-buggy,function_1,3,True,TRUE
18,Cli-18-buggy,function_1,4,True,TRUE
18,Cli-18-buggy,function_1,5,,FALSE
18,Cli-18-buggy,function_1,6,,FALSE
18,Cli-18-buggy,function_1,7,True,TRUE
18,Cli-18-buggy,function_1,8,,FALSE
18,Cli-18-buggy,function_1,9,,FALSE
18,Cli-18-buggy,function_1,10,True,TRUE
18,Cli-18-buggy,function_1,11,,FALSE
18,Cli-18-buggy,function_1,12,,FALSE
18,Cli-18-buggy,function_1,13,True,TRUE
18,Cli-18-buggy,function_1,14,,FALSE
18,Cli-18-buggy,function_1,15,,FALSE
18,Cli-18-buggy,function_1,16,True,TRUE
18,Cli-18-buggy,function_1,17,,FALSE
18,Cli-18-buggy,function_1,18,False,FALSE
18,Cli-18-buggy,function_1,19,,FALSE
18,Cli-18-buggy,function_1,20,False,FALSE
18,Cli-18-buggy,function_1,21,False,FALSE
18,Cli-18-buggy,function_1,22,,FALSE
18,Cli-18-buggy,function_1,23,,FALSE
18,Cli-18-buggy,function_1,24,,FALSE
18,Cli-18-buggy,function_1,25,False,FALSE
18,Cli-18-buggy,function_1,26,,FALSE
18,Cli-18-buggy,function_1,27,,FALSE
18,Cli-18-buggy,function_1,28,,FALSE
18,Cli-18-buggy,function_1,29,,FALSE
18,Cli-18-buggy,function_1,30,True,TRUE
18,Cli-18-buggy,function_1,31,,FALSE
18,Cli-18-buggy,function_1,32,False,FALSE
18,Cli-18-buggy,function_1,33,,FALSE
18,Cli-18-buggy,function_1,34,True,TRUE
18,Cli-18-buggy,function_1,35,,FALSE
18,Cli-18-buggy,function_1,36,True,TRUE
18,Cli-18-buggy,function_1,37,,FALSE
18,Cli-18-buggy,function_1,38,True,TRUE
18,Cli-18-buggy,function_1,39,,FALSE
18,Cli-18-buggy,function_1,40,False,FALSE
18,Cli-18-buggy,function_1,41,,FALSE
18,Cli-18-buggy,function_1,42,False,FALSE
18,Cli-18-buggy,function_1,43,,FALSE
18,Cli-18-buggy,function_1,44,,FALSE
18,Cli-18-buggy,function_1,45,,FALSE
18,Cli-18-buggy,function_1,46,,FALSE
18,Cli-18-buggy,function_1,47,False,FALSE
18,Cli-18-buggy,function_1,48,,FALSE
18,Cli-18-buggy,function_1,49,,FALSE
18,Cli-18-buggy,function_1,50,False,FALSE
18,Cli-18-buggy,function_1,51,,FALSE
18,Cli-18-buggy,function_1,52,False,FALSE
18,Cli-18-buggy,function_1,53,,FALSE
18,Cli-18-buggy,function_1,54,,FALSE
18,Cli-18-buggy,function_1,55,,FALSE
18,Cli-18-buggy,function_1,56,False,FALSE
18,Cli-18-buggy,function_1,57,,FALSE
18,Cli-18-buggy,function_1,58,,FALSE
18,Cli-18-buggy,function_1,59,True,TRUE
18,Cli-18-buggy,function_1,60,True,FALSE
18,Cli-18-buggy,function_1,61,,FALSE
18,Cli-18-buggy,function_1,62,True,TRUE
18,Cli-18-buggy,function_1,63,,FALSE
18,Cli-18-buggy,function_2,1,,FALSE
18,Cli-18-buggy,function_2,2,,FALSE
18,Cli-18-buggy,function_2,3,False,FALSE
18,Cli-18-buggy,function_2,4,False,FALSE
18,Cli-18-buggy,function_3,1,,TRUE
18,Cli-18-buggy,function_3,2,,FALSE
18,Cli-18-buggy,function_3,3,True,TRUE
18,Cli-18-buggy,function_3,4,,FALSE
18,Cli-18-buggy,function_3,5,False,FALSE
18,Cli-18-buggy,function_3,6,False,FALSE
18,Cli-18-buggy,function_3,7,,FALSE
18,Cli-18-buggy,function_3,8,True,TRUE
18,Cli-18-buggy,function_3,9,,FALSE
18,Cli-18-buggy,function_3,10,True,TRUE
18,Cli-18-buggy,function_3,11,,FALSE
18,Cli-18-buggy,function_3,12,True,FALSE
19,Cli-19-buggy,function_1,1,,FALSE
19,Cli-19-buggy,function_1,2,,FALSE
19,Cli-19-buggy,function_1,3,True,TRUE
19,Cli-19-buggy,function_1,4,,FALSE
19,Cli-19-buggy,function_1,5,False,FALSE
19,Cli-19-buggy,function_1,6,False,FALSE
19,Cli-19-buggy,function_1,7,,FALSE
19,Cli-19-buggy,function_1,8,True,TRUE
19,Cli-19-buggy,function_1,9,,FALSE
19,Cli-19-buggy,function_1,10,False,TRUE
19,Cli-19-buggy,function_1,11,False,TRUE
19,Cli-19-buggy,function_1,12,,FALSE
19,Cli-19-buggy,function_1,13,True,FALSE
2,Cli-2-buggy,function_1,1,,TRUE
2,Cli-2-buggy,function_1,2,,FALSE
2,Cli-2-buggy,function_1,3,True,TRUE
2,Cli-2-buggy,function_1,4,,FALSE
2,Cli-2-buggy,function_1,5,True,TRUE
2,Cli-2-buggy,function_1,6,,FALSE
2,Cli-2-buggy,function_1,7,True,TRUE
2,Cli-2-buggy,function_1,8,True,TRUE
2,Cli-2-buggy,function_1,9,,FALSE
2,Cli-2-buggy,function_1,10,True,TRUE
2,Cli-2-buggy,function_1,11,,FALSE
2,Cli-2-buggy,function_1,12,True,TRUE
2,Cli-2-buggy,function_1,13,True,TRUE
2,Cli-2-buggy,function_1,14,,FALSE
2,Cli-2-buggy,function_1,15,True,TRUE
2,Cli-2-buggy,function_1,16,,FALSE
2,Cli-2-buggy,function_1,17,True,FALSE
2,Cli-2-buggy,function_1,18,,FALSE
2,Cli-2-buggy,function_1,19,True,FALSE
2,Cli-2-buggy,function_1,20,,FALSE
2,Cli-2-buggy,function_1,21,,FALSE
2,Cli-2-buggy,function_1,22,True,TRUE
2,Cli-2-buggy,function_1,23,,FALSE
2,Cli-2-buggy,function_1,24,False,TRUE
2,Cli-2-buggy,function_1,25,,FALSE
2,Cli-2-buggy,function_1,26,,FALSE
2,Cli-2-buggy,function_1,27,,FALSE
2,Cli-2-buggy,function_1,28,True,FALSE
2,Cli-2-buggy,function_1,29,,FALSE
2,Cli-2-buggy,function_1,30,,FALSE
2,Cli-2-buggy,function_1,31,True,FALSE
20,Cli-20-buggy,function_1,1,,TRUE
20,Cli-20-buggy,function_1,2,,TRUE
20,Cli-20-buggy,function_1,3,True,TRUE
20,Cli-20-buggy,function_1,4,True,TRUE
20,Cli-20-buggy,function_1,5,,FALSE
20,Cli-20-buggy,function_1,6,,TRUE
20,Cli-20-buggy,function_1,7,True,TRUE
20,Cli-20-buggy,function_1,8,,FALSE
20,Cli-20-buggy,function_1,9,,TRUE
20,Cli-20-buggy,function_1,10,True,TRUE
20,Cli-20-buggy,function_1,11,,TRUE
20,Cli-20-buggy,function_1,12,,FALSE
20,Cli-20-buggy,function_1,13,True,TRUE
20,Cli-20-buggy,function_1,14,,FALSE
20,Cli-20-buggy,function_1,15,,TRUE
20,Cli-20-buggy,function_1,16,True,TRUE
20,Cli-20-buggy,function_1,17,,TRUE
20,Cli-20-buggy,function_1,18,True,TRUE
20,Cli-20-buggy,function_1,19,,TRUE
20,Cli-20-buggy,function_1,20,True,TRUE
20,Cli-20-buggy,function_1,21,True,TRUE
20,Cli-20-buggy,function_1,22,,TRUE
20,Cli-20-buggy,function_1,23,,FALSE
20,Cli-20-buggy,function_1,24,,FALSE
20,Cli-20-buggy,function_1,25,False,FALSE
20,Cli-20-buggy,function_1,26,,FALSE
20,Cli-20-buggy,function_1,27,,TRUE
20,Cli-20-buggy,function_1,28,,FALSE
20,Cli-20-buggy,function_1,29,,TRUE
20,Cli-20-buggy,function_1,30,True,FALSE
20,Cli-20-buggy,function_1,31,,FALSE
20,Cli-20-buggy,function_1,32,False,FALSE
20,Cli-20-buggy,function_1,33,,FALSE
20,Cli-20-buggy,function_1,34,True,TRUE
20,Cli-20-buggy,function_1,35,,TRUE
20,Cli-20-buggy,function_1,36,True,TRUE
20,Cli-20-buggy,function_1,37,,FALSE
20,Cli-20-buggy,function_1,38,False,FALSE
20,Cli-20-buggy,function_1,39,,FALSE
20,Cli-20-buggy,function_1,40,True,TRUE
20,Cli-20-buggy,function_1,41,,FALSE
20,Cli-20-buggy,function_1,42,False,FALSE
20,Cli-20-buggy,function_1,43,,FALSE
20,Cli-20-buggy,function_1,44,,TRUE
20,Cli-20-buggy,function_1,45,,TRUE
20,Cli-20-buggy,function_1,46,,TRUE
20,Cli-20-buggy,function_1,47,True,TRUE
20,Cli-20-buggy,function_1,48,,FALSE
20,Cli-20-buggy,function_1,49,,TRUE
20,Cli-20-buggy,function_1,50,False,FALSE
20,Cli-20-buggy,function_1,51,,FALSE
20,Cli-20-buggy,function_1,52,False,FALSE
20,Cli-20-buggy,function_1,53,,FALSE
20,Cli-20-buggy,function_1,54,,FALSE
20,Cli-20-buggy,function_1,55,,FALSE
20,Cli-20-buggy,function_1,56,False,FALSE
20,Cli-20-buggy,function_1,57,,FALSE
20,Cli-20-buggy,function_1,58,,FALSE
20,Cli-20-buggy,function_1,59,True,TRUE
20,Cli-20-buggy,function_1,60,True,TRUE
20,Cli-20-buggy,function_1,61,,FALSE
20,Cli-20-buggy,function_1,62,True,TRUE
20,Cli-20-buggy,function_1,63,,TRUE
21,Cli-21-buggy,function_1,1,,TRUE
21,Cli-21-buggy,function_1,2,True,FALSE
21,Cli-21-buggy,function_1,3,True,TRUE
21,Cli-21-buggy,function_1,4,True,TRUE
21,Cli-21-buggy,function_1,5,True,TRUE
21,Cli-21-buggy,function_2,1,,TRUE
21,Cli-21-buggy,function_2,2,,TRUE
21,Cli-21-buggy,function_2,3,,FALSE
21,Cli-21-buggy,function_2,4,,FALSE
21,Cli-21-buggy,function_2,5,True,TRUE
21,Cli-21-buggy,function_2,6,,TRUE
21,Cli-21-buggy,function_2,7,True,TRUE
21,Cli-21-buggy,function_2,8,,FALSE
21,Cli-21-buggy,function_2,9,True,TRUE
21,Cli-21-buggy,function_2,10,,TRUE
21,Cli-21-buggy,function_2,11,True,TRUE
21,Cli-21-buggy,function_2,12,,FALSE
21,Cli-21-buggy,function_2,13,True,FALSE
21,Cli-21-buggy,function_2,14,False,FALSE
21,Cli-21-buggy,function_2,15,,FALSE
21,Cli-21-buggy,function_3,1,,FALSE
21,Cli-21-buggy,function_3,2,,FALSE
21,Cli-21-buggy,function_3,3,True,FALSE
21,Cli-21-buggy,function_3,4,,FALSE
22,Cli-22-buggy,function_1,1,,TRUE
22,Cli-22-buggy,function_1,2,,TRUE
22,Cli-22-buggy,function_1,3,True,TRUE
22,Cli-22-buggy,function_1,4,True,TRUE
22,Cli-22-buggy,function_1,5,,FALSE
22,Cli-22-buggy,function_1,6,,FALSE
22,Cli-22-buggy,function_1,7,True,TRUE
22,Cli-22-buggy,function_1,8,,FALSE
22,Cli-22-buggy,function_1,9,,FALSE
22,Cli-22-buggy,function_1,10,True,TRUE
22,Cli-22-buggy,function_1,11,,TRUE
22,Cli-22-buggy,function_1,12,,FALSE
22,Cli-22-buggy,function_1,13,True,TRUE
22,Cli-22-buggy,function_1,14,,FALSE
22,Cli-22-buggy,function_1,15,,FALSE
22,Cli-22-buggy,function_1,16,True,TRUE
22,Cli-22-buggy,function_1,17,,FALSE
22,Cli-22-buggy,function_1,18,False,FALSE
22,Cli-22-buggy,function_1,19,False,FALSE
22,Cli-22-buggy,function_1,20,,FALSE
22,Cli-22-buggy,function_1,21,False,FALSE
22,Cli-22-buggy,function_1,22,,FALSE
22,Cli-22-buggy,function_1,23,False,FALSE
22,Cli-22-buggy,function_1,24,,FALSE
22,Cli-22-buggy,function_1,25,,FALSE
22,Cli-22-buggy,function_1,26,,FALSE
22,Cli-22-buggy,function_1,27,,FALSE
22,Cli-22-buggy,function_1,28,False,FALSE
22,Cli-22-buggy,function_1,29,False,FALSE
22,Cli-22-buggy,function_1,30,,FALSE
22,Cli-22-buggy,function_1,31,False,FALSE
22,Cli-22-buggy,function_1,32,,FALSE
22,Cli-22-buggy,function_1,33,,FALSE
22,Cli-22-buggy,function_1,34,False,FALSE
22,Cli-22-buggy,function_1,35,,FALSE
22,Cli-22-buggy,function_1,36,,FALSE
22,Cli-22-buggy,function_1,37,True,TRUE
22,Cli-22-buggy,function_1,38,,FALSE
22,Cli-22-buggy,function_1,39,False,FALSE
22,Cli-22-buggy,function_1,40,,FALSE
22,Cli-22-buggy,function_1,41,True,TRUE
22,Cli-22-buggy,function_1,42,,FALSE
22,Cli-22-buggy,function_1,43,True,TRUE
22,Cli-22-buggy,function_1,44,,FALSE
22,Cli-22-buggy,function_1,45,True,TRUE
22,Cli-22-buggy,function_1,46,,FALSE
22,Cli-22-buggy,function_1,47,,FALSE
22,Cli-22-buggy,function_1,48,,FALSE
22,Cli-22-buggy,function_1,49,,FALSE
22,Cli-22-buggy,function_1,50,False,FALSE
22,Cli-22-buggy,function_1,51,,FALSE
22,Cli-22-buggy,function_1,52,,FALSE
22,Cli-22-buggy,function_1,53,True,TRUE
22,Cli-22-buggy,function_1,54,,FALSE
22,Cli-22-buggy,function_1,55,True,TRUE
22,Cli-22-buggy,function_1,56,,FALSE
22,Cli-22-buggy,function_1,57,,FALSE
22,Cli-22-buggy,function_1,58,,FALSE
22,Cli-22-buggy,function_1,59,False,FALSE
22,Cli-22-buggy,function_1,60,,FALSE
22,Cli-22-buggy,function_1,61,,FALSE
22,Cli-22-buggy,function_1,62,True,TRUE
22,Cli-22-buggy,function_1,63,True,FALSE
22,Cli-22-buggy,function_1,64,,FALSE
22,Cli-22-buggy,function_1,65,True,TRUE
22,Cli-22-buggy,function_1,66,,FALSE
22,Cli-22-buggy,function_2,1,,TRUE
22,Cli-22-buggy,function_2,2,,TRUE
22,Cli-22-buggy,function_2,3,True,TRUE
22,Cli-22-buggy,function_2,4,True,TRUE
22,Cli-22-buggy,function_2,5,,FALSE
22,Cli-22-buggy,function_2,6,True,TRUE
22,Cli-22-buggy,function_2,7,True,FALSE
22,Cli-22-buggy,function_3,1,,TRUE
22,Cli-22-buggy,function_3,2,,TRUE
22,Cli-22-buggy,function_3,3,True,TRUE
22,Cli-22-buggy,function_3,4,,FALSE
22,Cli-22-buggy,function_3,5,False,FALSE
22,Cli-22-buggy,function_3,6,,FALSE
22,Cli-22-buggy,function_3,7,,TRUE
22,Cli-22-buggy,function_3,8,,FALSE
22,Cli-22-buggy,function_3,9,True,TRUE
22,Cli-22-buggy,function_3,10,True,FALSE
22,Cli-22-buggy,function_4,1,,FALSE
22,Cli-22-buggy,function_4,2,,FALSE
22,Cli-22-buggy,function_4,3,,FALSE
22,Cli-22-buggy,function_4,4,False,FALSE
22,Cli-22-buggy,function_4,5,,FALSE
22,Cli-22-buggy,function_4,6,False,FALSE
22,Cli-22-buggy,function_4,7,,FALSE
22,Cli-22-buggy,function_4,8,False,FALSE
22,Cli-22-buggy,function_4,9,,FALSE
22,Cli-22-buggy,function_4,10,False,FALSE
22,Cli-22-buggy,function_4,11,False,FALSE
22,Cli-22-buggy,function_4,12,,FALSE
22,Cli-22-buggy,function_4,13,False,FALSE
22,Cli-22-buggy,function_4,14,,FALSE
22,Cli-22-buggy,function_4,15,False,FALSE
22,Cli-22-buggy,function_4,16,,FALSE
22,Cli-22-buggy,function_4,17,False,FALSE
22,Cli-22-buggy,function_4,18,,FALSE
22,Cli-22-buggy,function_4,19,,FALSE
22,Cli-22-buggy,function_4,20,False,FALSE
22,Cli-22-buggy,function_4,21,,FALSE
22,Cli-22-buggy,function_4,22,False,FALSE
22,Cli-22-buggy,function_4,23,False,FALSE
22,Cli-22-buggy,function_4,24,,FALSE
22,Cli-22-buggy,function_4,25,,FALSE
22,Cli-22-buggy,function_4,26,,FALSE
22,Cli-22-buggy,function_4,27,False,FALSE
22,Cli-22-buggy,function_4,28,False,FALSE
22,Cli-22-buggy,function_4,29,,FALSE
22,Cli-22-buggy,function_4,30,,FALSE
22,Cli-22-buggy,function_4,31,False,FALSE
23,Cli-23-buggy,function_1,1,,TRUE
23,Cli-23-buggy,function_1,2,,TRUE
23,Cli-23-buggy,function_1,3,,TRUE
23,Cli-23-buggy,function_1,4,True,TRUE
23,Cli-23-buggy,function_1,5,,FALSE
23,Cli-23-buggy,function_1,6,True,TRUE
23,Cli-23-buggy,function_1,7,,TRUE
23,Cli-23-buggy,function_1,8,True,FALSE
23,Cli-23-buggy,function_1,9,,FALSE
23,Cli-23-buggy,function_1,10,True,FALSE
23,Cli-23-buggy,function_1,11,,FALSE
23,Cli-23-buggy,function_1,12,True,TRUE
23,Cli-23-buggy,function_1,13,,FALSE
23,Cli-23-buggy,function_1,14,,TRUE
23,Cli-23-buggy,function_1,15,,TRUE
23,Cli-23-buggy,function_1,16,True,TRUE
23,Cli-23-buggy,function_1,17,,FALSE
23,Cli-23-buggy,function_1,18,,TRUE
23,Cli-23-buggy,function_1,19,,FALSE
23,Cli-23-buggy,function_1,20,True,TRUE
23,Cli-23-buggy,function_1,21,True,TRUE
23,Cli-23-buggy,function_1,22,True,TRUE
23,Cli-23-buggy,function_1,23,,FALSE
23,Cli-23-buggy,function_1,24,True,TRUE
23,Cli-23-buggy,function_1,25,,TRUE
23,Cli-23-buggy,function_1,26,True,TRUE
23,Cli-23-buggy,function_1,27,,FALSE
23,Cli-23-buggy,function_1,28,True,TRUE
23,Cli-23-buggy,function_1,29,,FALSE
23,Cli-23-buggy,function_1,30,True,TRUE
23,Cli-23-buggy,function_1,31,,TRUE
23,Cli-23-buggy,function_1,32,True,TRUE
23,Cli-23-buggy,function_1,33,,FALSE
23,Cli-23-buggy,function_1,34,,FALSE
23,Cli-23-buggy,function_1,35,True,TRUE
23,Cli-23-buggy,function_1,36,True,FALSE
23,Cli-23-buggy,function_1,37,,FALSE
24,Cli-24-buggy,function_1,1,,TRUE
24,Cli-24-buggy,function_1,2,,TRUE
24,Cli-24-buggy,function_1,3,,TRUE
24,Cli-24-buggy,function_1,4,True,TRUE
24,Cli-24-buggy,function_1,5,,FALSE
24,Cli-24-buggy,function_1,6,True,TRUE
24,Cli-24-buggy,function_1,7,,FALSE
24,Cli-24-buggy,function_1,8,True,FALSE
24,Cli-24-buggy,function_1,9,,FALSE
24,Cli-24-buggy,function_1,10,True,FALSE
24,Cli-24-buggy,function_1,11,,FALSE
24,Cli-24-buggy,function_1,12,True,TRUE
24,Cli-24-buggy,function_1,13,,FALSE
24,Cli-24-buggy,function_1,14,True,TRUE
24,Cli-24-buggy,function_1,15,,FALSE
24,Cli-24-buggy,function_1,16,,FALSE
24,Cli-24-buggy,function_1,17,True,FALSE
24,Cli-24-buggy,function_1,18,,FALSE
24,Cli-24-buggy,function_1,19,,FALSE
24,Cli-24-buggy,function_1,20,,FALSE
24,Cli-24-buggy,function_1,21,,FALSE
24,Cli-24-buggy,function_1,22,,FALSE
24,Cli-24-buggy,function_1,23,True,TRUE
24,Cli-24-buggy,function_1,24,,FALSE
24,Cli-24-buggy,function_1,25,,TRUE
24,Cli-24-buggy,function_1,26,,FALSE
24,Cli-24-buggy,function_1,27,True,TRUE
24,Cli-24-buggy,function_1,28,True,TRUE
24,Cli-24-buggy,function_1,29,,FALSE
24,Cli-24-buggy,function_1,30,True,TRUE
24,Cli-24-buggy,function_1,31,,FALSE
24,Cli-24-buggy,function_1,32,True,FALSE
24,Cli-24-buggy,function_1,33,,FALSE
24,Cli-24-buggy,function_1,34,True,FALSE
24,Cli-24-buggy,function_1,35,,FALSE
24,Cli-24-buggy,function_1,36,,FALSE
24,Cli-24-buggy,function_1,37,True,TRUE
24,Cli-24-buggy,function_1,38,,FALSE
24,Cli-24-buggy,function_1,39,True,FALSE
24,Cli-24-buggy,function_1,40,,FALSE
24,Cli-24-buggy,function_1,41,,FALSE
24,Cli-24-buggy,function_1,42,True,TRUE
24,Cli-24-buggy,function_1,43,,FALSE
24,Cli-24-buggy,function_1,44,,FALSE
25,Cli-25-buggy,function_1,1,,TRUE
25,Cli-25-buggy,function_1,2,,TRUE
25,Cli-25-buggy,function_1,3,,TRUE
25,Cli-25-buggy,function_1,4,True,TRUE
25,Cli-25-buggy,function_1,5,,FALSE
25,Cli-25-buggy,function_1,6,True,TRUE
25,Cli-25-buggy,function_1,7,,TRUE
25,Cli-25-buggy,function_1,8,True,TRUE
25,Cli-25-buggy,function_1,9,,FALSE
25,Cli-25-buggy,function_1,10,True,TRUE
25,Cli-25-buggy,function_1,11,,TRUE
25,Cli-25-buggy,function_1,12,True,TRUE
25,Cli-25-buggy,function_1,13,,FALSE
25,Cli-25-buggy,function_1,14,True,TRUE
25,Cli-25-buggy,function_1,15,,FALSE
25,Cli-25-buggy,function_1,16,,FALSE
25,Cli-25-buggy,function_1,17,True,FALSE
25,Cli-25-buggy,function_1,18,,FALSE
25,Cli-25-buggy,function_1,19,,FALSE
25,Cli-25-buggy,function_1,20,,TRUE
25,Cli-25-buggy,function_1,21,,TRUE
25,Cli-25-buggy,function_1,22,True,TRUE
25,Cli-25-buggy,function_1,23,,FALSE
25,Cli-25-buggy,function_1,24,,TRUE
25,Cli-25-buggy,function_1,25,,TRUE
25,Cli-25-buggy,function_1,26,True,TRUE
25,Cli-25-buggy,function_1,27,True,TRUE
25,Cli-25-buggy,function_1,28,,FALSE
25,Cli-25-buggy,function_1,29,True,TRUE
25,Cli-25-buggy,function_1,30,,TRUE
25,Cli-25-buggy,function_1,31,True,TRUE
25,Cli-25-buggy,function_1,32,,FALSE
25,Cli-25-buggy,function_1,33,True,TRUE
25,Cli-25-buggy,function_1,34,,TRUE
25,Cli-25-buggy,function_1,35,,FALSE
25,Cli-25-buggy,function_1,36,True,TRUE
25,Cli-25-buggy,function_1,37,,FALSE
25,Cli-25-buggy,function_1,38,True,FALSE
25,Cli-25-buggy,function_1,39,,FALSE
25,Cli-25-buggy,function_1,40,,FALSE
25,Cli-25-buggy,function_1,41,True,TRUE
25,Cli-25-buggy,function_1,42,,TRUE
25,Cli-25-buggy,function_1,43,,TRUE
26,Cli-26-buggy,function_1,1,,TRUE
26,Cli-26-buggy,function_1,2,,TRUE
26,Cli-26-buggy,function_1,3,,FALSE
26,Cli-26-buggy,function_1,4,True,TRUE
26,Cli-26-buggy,function_1,5,,FALSE
26,Cli-26-buggy,function_1,6,,TRUE
26,Cli-26-buggy,function_1,7,True,TRUE
26,Cli-26-buggy,function_1,8,True,TRUE
26,Cli-26-buggy,function_1,9,True,TRUE
26,Cli-26-buggy,function_1,10,True,TRUE
26,Cli-26-buggy,function_1,11,True,TRUE
26,Cli-26-buggy,function_1,12,True,TRUE
26,Cli-26-buggy,function_1,13,True,TRUE
26,Cli-26-buggy,function_1,14,,TRUE
26,Cli-26-buggy,function_1,15,True,TRUE
26,Cli-26-buggy,function_1,16,,FALSE
26,Cli-26-buggy,function_1,17,,TRUE
26,Cli-26-buggy,function_1,18,True,TRUE
26,Cli-26-buggy,function_1,19,,TRUE
27,Cli-27-buggy,function_1,1,,TRUE
27,Cli-27-buggy,function_1,2,,FALSE
27,Cli-27-buggy,function_1,3,True,TRUE
27,Cli-27-buggy,function_1,4,,FALSE
27,Cli-27-buggy,function_1,5,,FALSE
27,Cli-27-buggy,function_1,6,True,FALSE
27,Cli-27-buggy,function_1,7,True,FALSE
27,Cli-27-buggy,function_1,8,,FALSE
27,Cli-27-buggy,function_1,9,,FALSE
27,Cli-27-buggy,function_1,10,,FALSE
27,Cli-27-buggy,function_1,11,,FALSE
27,Cli-27-buggy,function_1,12,,FALSE
27,Cli-27-buggy,function_1,13,True,TRUE
27,Cli-27-buggy,function_1,14,,FALSE
27,Cli-27-buggy,function_1,15,True,TRUE
27,Cli-27-buggy,function_1,16,,FALSE
27,Cli-27-buggy,function_1,17,,FALSE
27,Cli-27-buggy,function_1,18,,FALSE
27,Cli-27-buggy,function_1,19,False,FALSE
27,Cli-27-buggy,function_1,20,,FALSE
27,Cli-27-buggy,function_1,21,True,FALSE
28,Cli-28-buggy,function_1,1,,FALSE
28,Cli-28-buggy,function_1,2,,FALSE
28,Cli-28-buggy,function_1,3,True,TRUE
28,Cli-28-buggy,function_1,4,,FALSE
28,Cli-28-buggy,function_1,5,True,FALSE
28,Cli-28-buggy,function_1,6,,FALSE
28,Cli-28-buggy,function_1,7,,FALSE
28,Cli-28-buggy,function_1,8,True,TRUE
28,Cli-28-buggy,function_1,9,,FALSE
28,Cli-28-buggy,function_1,10,True,TRUE
28,Cli-28-buggy,function_1,11,,FALSE
28,Cli-28-buggy,function_1,12,True,TRUE
28,Cli-28-buggy,function_1,13,,FALSE
28,Cli-28-buggy,function_1,14,True,TRUE
28,Cli-28-buggy,function_1,15,,FALSE
28,Cli-28-buggy,function_1,16,,FALSE
28,Cli-28-buggy,function_1,17,True,TRUE
28,Cli-28-buggy,function_1,18,,FALSE
28,Cli-28-buggy,function_1,19,True,TRUE
28,Cli-28-buggy,function_1,20,,FALSE
28,Cli-28-buggy,function_1,21,True,TRUE
28,Cli-28-buggy,function_1,22,,FALSE
28,Cli-28-buggy,function_1,23,,TRUE
28,Cli-28-buggy,function_1,24,,FALSE
28,Cli-28-buggy,function_1,25,True,TRUE
28,Cli-28-buggy,function_1,26,,FALSE
28,Cli-28-buggy,function_1,27,False,FALSE
28,Cli-28-buggy,function_1,28,,FALSE
28,Cli-28-buggy,function_1,29,,FALSE
28,Cli-28-buggy,function_1,30,True,FALSE
28,Cli-28-buggy,function_1,31,,FALSE
28,Cli-28-buggy,function_1,32,,FALSE
28,Cli-28-buggy,function_1,33,True,TRUE
28,Cli-28-buggy,function_1,34,True,TRUE
28,Cli-28-buggy,function_1,35,True,TRUE
28,Cli-28-buggy,function_1,36,,TRUE
28,Cli-28-buggy,function_1,37,,TRUE
28,Cli-28-buggy,function_1,38,,TRUE
28,Cli-28-buggy,function_1,39,True,TRUE
28,Cli-28-buggy,function_1,40,,FALSE
28,Cli-28-buggy,function_1,41,,FALSE
28,Cli-28-buggy,function_1,42,True,TRUE
28,Cli-28-buggy,function_1,43,,FALSE
28,Cli-28-buggy,function_1,44,True,FALSE
28,Cli-28-buggy,function_1,45,True,FALSE
29,Cli-29-buggy,function_1,1,,TRUE
29,Cli-29-buggy,function_1,2,,FALSE
29,Cli-29-buggy,function_1,3,True,TRUE
29,Cli-29-buggy,function_1,4,,FALSE
29,Cli-29-buggy,function_1,5,True,TRUE
29,Cli-29-buggy,function_1,6,,FALSE
29,Cli-29-buggy,function_1,7,True,TRUE
29,Cli-29-buggy,function_1,8,True,TRUE
29,Cli-29-buggy,function_1,9,,FALSE
29,Cli-29-buggy,function_1,10,True,TRUE
29,Cli-29-buggy,function_1,11,,FALSE
29,Cli-29-buggy,function_1,12,,FALSE
29,Cli-29-buggy,function_1,13,True,TRUE
29,Cli-29-buggy,function_1,14,,FALSE
3,Cli-3-buggy,function_1,1,,TRUE
3,Cli-3-buggy,function_1,2,,TRUE
3,Cli-3-buggy,function_1,3,,TRUE
3,Cli-3-buggy,function_1,4,,TRUE
3,Cli-3-buggy,function_1,5,True,TRUE
3,Cli-3-buggy,function_1,6,,FALSE
3,Cli-3-buggy,function_1,7,False,FALSE
3,Cli-3-buggy,function_1,8,,FALSE
3,Cli-3-buggy,function_1,9,False,FALSE
3,Cli-3-buggy,function_1,10,,FALSE
3,Cli-3-buggy,function_1,11,,FALSE
3,Cli-3-buggy,function_1,12,False,FALSE
3,Cli-3-buggy,function_1,13,,FALSE
30,Cli-30-buggy,function_1,1,,FALSE
30,Cli-30-buggy,function_1,2,,FALSE
30,Cli-30-buggy,function_1,3,True,FALSE
30,Cli-30-buggy,function_1,4,,FALSE
30,Cli-30-buggy,function_1,5,False,FALSE
30,Cli-30-buggy,function_1,6,,FALSE
30,Cli-30-buggy,function_1,7,,FALSE
30,Cli-30-buggy,function_1,8,True,FALSE
30,Cli-30-buggy,function_1,9,,FALSE
30,Cli-30-buggy,function_1,10,True,FALSE
30,Cli-30-buggy,function_1,11,,FALSE
30,Cli-30-buggy,function_1,12,True,FALSE
30,Cli-30-buggy,function_1,13,,FALSE
30,Cli-30-buggy,function_1,14,True,FALSE
30,Cli-30-buggy,function_1,15,,FALSE
30,Cli-30-buggy,function_1,16,,FALSE
30,Cli-30-buggy,function_1,17,,FALSE
30,Cli-30-buggy,function_1,18,,FALSE
30,Cli-30-buggy,function_1,19,True,FALSE
30,Cli-30-buggy,function_1,20,,FALSE
30,Cli-30-buggy,function_1,21,True,FALSE
30,Cli-30-buggy,function_1,22,,FALSE
30,Cli-30-buggy,function_1,23,False,FALSE
30,Cli-30-buggy,function_1,24,,FALSE
30,Cli-30-buggy,function_1,25,False,FALSE
30,Cli-30-buggy,function_1,26,,FALSE
30,Cli-30-buggy,function_1,27,,FALSE
30,Cli-30-buggy,function_1,28,True,FALSE
30,Cli-30-buggy,function_1,29,True,FALSE
30,Cli-30-buggy,function_1,30,False,FALSE
30,Cli-30-buggy,function_1,31,,FALSE
30,Cli-30-buggy,function_1,32,,FALSE
30,Cli-30-buggy,function_1,33,False,FALSE
30,Cli-30-buggy,function_1,34,,FALSE
30,Cli-30-buggy,function_1,35,,FALSE
30,Cli-30-buggy,function_1,36,True,FALSE
30,Cli-30-buggy,function_1,37,True,FALSE
30,Cli-30-buggy,function_1,38,,FALSE
30,Cli-30-buggy,function_1,39,True,FALSE
30,Cli-30-buggy,function_1,40,False,FALSE
30,Cli-30-buggy,function_2,1,,TRUE
30,Cli-30-buggy,function_2,2,,FALSE
30,Cli-30-buggy,function_2,3,True,TRUE
30,Cli-30-buggy,function_2,4,,FALSE
30,Cli-30-buggy,function_2,5,False,FALSE
30,Cli-30-buggy,function_2,6,,TRUE
30,Cli-30-buggy,function_2,7,,FALSE
30,Cli-30-buggy,function_2,8,True,TRUE
30,Cli-30-buggy,function_2,9,,TRUE
30,Cli-30-buggy,function_2,10,True,TRUE
30,Cli-30-buggy,function_2,11,,FALSE
30,Cli-30-buggy,function_2,12,True,TRUE
30,Cli-30-buggy,function_2,13,,TRUE
30,Cli-30-buggy,function_2,14,True,TRUE
30,Cli-30-buggy,function_2,15,,FALSE
30,Cli-30-buggy,function_2,16,,FALSE
30,Cli-30-buggy,function_2,17,,FALSE
30,Cli-30-buggy,function_2,18,,FALSE
30,Cli-30-buggy,function_2,19,True,TRUE
30,Cli-30-buggy,function_2,20,,FALSE
30,Cli-30-buggy,function_2,21,True,TRUE
30,Cli-30-buggy,function_2,22,,FALSE
30,Cli-30-buggy,function_2,23,False,FALSE
30,Cli-30-buggy,function_2,24,,FALSE
30,Cli-30-buggy,function_2,25,,FALSE
30,Cli-30-buggy,function_2,26,,FALSE
30,Cli-30-buggy,function_2,27,False,FALSE
30,Cli-30-buggy,function_2,28,,FALSE
30,Cli-30-buggy,function_2,29,False,FALSE
30,Cli-30-buggy,function_2,30,,FALSE
30,Cli-30-buggy,function_2,31,,FALSE
30,Cli-30-buggy,function_2,32,False,FALSE
30,Cli-30-buggy,function_2,33,,FALSE
30,Cli-30-buggy,function_2,34,,FALSE
30,Cli-30-buggy,function_2,35,True,TRUE
30,Cli-30-buggy,function_2,36,True,TRUE
30,Cli-30-buggy,function_2,37,False,TRUE
30,Cli-30-buggy,function_2,38,,FALSE
30,Cli-30-buggy,function_2,39,,FALSE
30,Cli-30-buggy,function_2,40,,FALSE
30,Cli-30-buggy,function_2,41,False,FALSE
30,Cli-30-buggy,function_2,42,,FALSE
30,Cli-30-buggy,function_2,43,,FALSE
30,Cli-30-buggy,function_2,44,True,TRUE
30,Cli-30-buggy,function_2,45,True,TRUE
30,Cli-30-buggy,function_2,46,,FALSE
30,Cli-30-buggy,function_2,47,True,FALSE
30,Cli-30-buggy,function_2,48,False,FALSE
31,Cli-31-buggy,function_1,1,,FALSE
31,Cli-31-buggy,function_1,2,,FALSE
31,Cli-31-buggy,function_1,3,True,TRUE
31,Cli-31-buggy,function_1,4,,FALSE
31,Cli-31-buggy,function_1,5,False,FALSE
31,Cli-31-buggy,function_1,6,,FALSE
31,Cli-31-buggy,function_1,7,,FALSE
31,Cli-31-buggy,function_1,8,True,TRUE
31,Cli-31-buggy,function_1,9,,FALSE
31,Cli-31-buggy,function_1,10,True,TRUE
31,Cli-31-buggy,function_1,11,,FALSE
31,Cli-31-buggy,function_1,12,,FALSE
31,Cli-31-buggy,function_1,13,,FALSE
31,Cli-31-buggy,function_1,14,False,FALSE
31,Cli-31-buggy,function_1,15,,FALSE
31,Cli-31-buggy,function_1,16,,FALSE
31,Cli-31-buggy,function_1,17,,FALSE
31,Cli-31-buggy,function_1,18,True,TRUE
31,Cli-31-buggy,function_1,19,,FALSE
31,Cli-31-buggy,function_1,20,True,TRUE
31,Cli-31-buggy,function_1,21,True,TRUE
31,Cli-31-buggy,function_1,22,,FALSE
31,Cli-31-buggy,function_1,23,,FALSE
31,Cli-31-buggy,function_1,24,,FALSE
31,Cli-31-buggy,function_1,25,True,TRUE
31,Cli-31-buggy,function_1,26,,FALSE
31,Cli-31-buggy,function_1,27,False,FALSE
31,Cli-31-buggy,function_1,28,,FALSE
31,Cli-31-buggy,function_1,29,True,FALSE
31,Cli-31-buggy,function_2,1,,FALSE
31,Cli-31-buggy,function_2,2,,FALSE
31,Cli-31-buggy,function_2,3,True,TRUE
31,Cli-31-buggy,function_2,4,True,TRUE
31,Cli-31-buggy,function_2,5,True,TRUE
31,Cli-31-buggy,function_2,6,True,TRUE
31,Cli-31-buggy,function_2,7,True,TRUE
31,Cli-31-buggy,function_2,8,True,TRUE
31,Cli-31-buggy,function_2,9,True,TRUE
31,Cli-31-buggy,function_2,10,True,TRUE
31,Cli-31-buggy,function_2,11,True,FALSE
32,Cli-32-buggy,function_1,1,,FALSE
32,Cli-32-buggy,function_1,2,,FALSE
32,Cli-32-buggy,function_1,3,,TRUE
32,Cli-32-buggy,function_1,4,,FALSE
32,Cli-32-buggy,function_1,5,,FALSE
32,Cli-32-buggy,function_1,6,True,TRUE
32,Cli-32-buggy,function_1,7,True,TRUE
32,Cli-32-buggy,function_1,8,,FALSE
32,Cli-32-buggy,function_1,9,False,FALSE
32,Cli-32-buggy,function_1,10,,FALSE
32,Cli-32-buggy,function_1,11,True,TRUE
32,Cli-32-buggy,function_1,12,,TRUE
32,Cli-32-buggy,function_1,13,True,TRUE
32,Cli-32-buggy,function_1,14,,FALSE
32,Cli-32-buggy,function_1,15,,FALSE
32,Cli-32-buggy,function_1,16,,FALSE
32,Cli-32-buggy,function_1,17,,FALSE
32,Cli-32-buggy,function_1,18,True,TRUE
32,Cli-32-buggy,function_1,19,,FALSE
32,Cli-32-buggy,function_1,20,,TRUE
32,Cli-32-buggy,function_1,21,,FALSE
32,Cli-32-buggy,function_1,22,True,TRUE
32,Cli-32-buggy,function_1,23,,FALSE
32,Cli-32-buggy,function_1,24,,TRUE
32,Cli-32-buggy,function_1,25,True,TRUE
32,Cli-32-buggy,function_1,26,,FALSE
32,Cli-32-buggy,function_1,27,,FALSE
32,Cli-32-buggy,function_1,28,,FALSE
32,Cli-32-buggy,function_1,29,True,TRUE
32,Cli-32-buggy,function_1,30,,FALSE
32,Cli-32-buggy,function_1,31,True,TRUE
32,Cli-32-buggy,function_1,32,,FALSE
32,Cli-32-buggy,function_1,33,,FALSE
32,Cli-32-buggy,function_1,34,,FALSE
32,Cli-32-buggy,function_1,35,True,TRUE
32,Cli-32-buggy,function_1,36,True,TRUE
32,Cli-32-buggy,function_1,37,,FALSE
32,Cli-32-buggy,function_1,38,,FALSE
32,Cli-32-buggy,function_1,39,True,TRUE
32,Cli-32-buggy,function_1,40,,FALSE
32,Cli-32-buggy,function_1,41,True,TRUE
32,Cli-32-buggy,function_1,42,,FALSE
33,Cli-33-buggy,function_1,1,,TRUE
33,Cli-33-buggy,function_1,2,,TRUE
33,Cli-33-buggy,function_1,3,True,TRUE
33,Cli-33-buggy,function_1,4,,FALSE
33,Cli-33-buggy,function_1,5,True,TRUE
33,Cli-33-buggy,function_1,6,True,TRUE
33,Cli-33-buggy,function_1,7,True,TRUE
33,Cli-33-buggy,function_2,1,,TRUE
33,Cli-33-buggy,function_2,2,,TRUE
33,Cli-33-buggy,function_2,3,,TRUE
33,Cli-33-buggy,function_2,4,True,TRUE
33,Cli-33-buggy,function_2,5,,FALSE
33,Cli-33-buggy,function_2,6,True,TRUE
33,Cli-33-buggy,function_2,7,,TRUE
33,Cli-33-buggy,function_2,8,True,TRUE
33,Cli-33-buggy,function_2,9,,FALSE
33,Cli-33-buggy,function_2,10,True,TRUE
33,Cli-33-buggy,function_2,11,,FALSE
33,Cli-33-buggy,function_2,12,True,TRUE
33,Cli-33-buggy,function_2,13,,FALSE
33,Cli-33-buggy,function_2,14,True,TRUE
33,Cli-33-buggy,function_2,15,,FALSE
33,Cli-33-buggy,function_2,16,,FALSE
33,Cli-33-buggy,function_2,17,False,FALSE
33,Cli-33-buggy,function_2,18,,FALSE
33,Cli-33-buggy,function_2,19,,FALSE
33,Cli-33-buggy,function_2,20,,FALSE
33,Cli-33-buggy,function_2,21,True,TRUE
33,Cli-33-buggy,function_2,22,,FALSE
33,Cli-33-buggy,function_2,23,,TRUE
33,Cli-33-buggy,function_2,24,,FALSE
33,Cli-33-buggy,function_2,25,True,TRUE
33,Cli-33-buggy,function_2,26,True,TRUE
33,Cli-33-buggy,function_2,27,,FALSE
33,Cli-33-buggy,function_2,28,True,TRUE
33,Cli-33-buggy,function_2,29,,TRUE
33,Cli-33-buggy,function_2,30,True,TRUE
33,Cli-33-buggy,function_2,31,,FALSE
33,Cli-33-buggy,function_2,32,True,TRUE
33,Cli-33-buggy,function_2,33,,FALSE
33,Cli-33-buggy,function_2,34,,FALSE
33,Cli-33-buggy,function_2,35,False,FALSE
33,Cli-33-buggy,function_2,36,,FALSE
33,Cli-33-buggy,function_2,37,False,FALSE
33,Cli-33-buggy,function_2,38,,FALSE
33,Cli-33-buggy,function_2,39,,FALSE
33,Cli-33-buggy,function_2,40,False,FALSE
33,Cli-33-buggy,function_2,41,,FALSE
33,Cli-33-buggy,function_2,42,,FALSE
34,Cli-34-buggy,function_1,1,,TRUE
34,Cli-34-buggy,function_1,2,,TRUE
34,Cli-34-buggy,function_1,3,True,TRUE
34,Cli-34-buggy,function_1,4,True,TRUE
34,Cli-34-buggy,function_1,5,True,TRUE
34,Cli-34-buggy,function_1,6,True,TRUE
34,Cli-34-buggy,function_1,7,True,TRUE
34,Cli-34-buggy,function_1,8,True,TRUE
34,Cli-34-buggy,function_1,9,True,TRUE
34,Cli-34-buggy,function_1,10,True,TRUE
34,Cli-34-buggy,function_1,11,True,TRUE
35,Cli-35-buggy,function_1,1,,TRUE
35,Cli-35-buggy,function_1,2,,TRUE
35,Cli-35-buggy,function_1,3,True,TRUE
35,Cli-35-buggy,function_1,4,,FALSE
35,Cli-35-buggy,function_1,5,True,TRUE
35,Cli-35-buggy,function_1,6,,FALSE
35,Cli-35-buggy,function_1,7,,FALSE
35,Cli-35-buggy,function_1,8,,FALSE
35,Cli-35-buggy,function_1,9,True,TRUE
35,Cli-35-buggy,function_1,10,,TRUE
35,Cli-35-buggy,function_1,11,True,TRUE
35,Cli-35-buggy,function_1,12,,TRUE
35,Cli-35-buggy,function_1,13,True,TRUE
35,Cli-35-buggy,function_1,14,,TRUE
35,Cli-35-buggy,function_1,15,True,TRUE
35,Cli-35-buggy,function_1,16,,FALSE
35,Cli-35-buggy,function_1,17,True,TRUE
35,Cli-35-buggy,function_1,18,,FALSE
37,Cli-37-buggy,function_1,1,,FALSE
37,Cli-37-buggy,function_1,2,,FALSE
37,Cli-37-buggy,function_1,3,,FALSE
37,Cli-37-buggy,function_1,4,True,TRUE
37,Cli-37-buggy,function_1,5,,FALSE
37,Cli-37-buggy,function_1,6,,FALSE
37,Cli-37-buggy,function_1,7,,FALSE
38,Cli-38-buggy,function_1,1,,FALSE
38,Cli-38-buggy,function_1,2,,FALSE
38,Cli-38-buggy,function_1,3,,FALSE
38,Cli-38-buggy,function_1,4,True,TRUE
38,Cli-38-buggy,function_1,5,,FALSE
38,Cli-38-buggy,function_1,6,False,FALSE
38,Cli-38-buggy,function_1,7,,FALSE
38,Cli-38-buggy,function_1,8,,FALSE
38,Cli-38-buggy,function_1,9,,FALSE
38,Cli-38-buggy,function_1,10,True,TRUE
38,Cli-38-buggy,function_1,11,True,TRUE
38,Cli-38-buggy,function_1,12,True,TRUE
38,Cli-38-buggy,function_1,13,,FALSE
38,Cli-38-buggy,function_1,14,,FALSE
39,Cli-39-buggy,function_1,1,,TRUE
39,Cli-39-buggy,function_1,2,,TRUE
39,Cli-39-buggy,function_1,3,True,TRUE
39,Cli-39-buggy,function_1,4,,FALSE
39,Cli-39-buggy,function_1,5,False,FALSE
39,Cli-39-buggy,function_1,6,,FALSE
39,Cli-39-buggy,function_1,7,True,TRUE
39,Cli-39-buggy,function_1,8,,FALSE
39,Cli-39-buggy,function_1,9,False,FALSE
39,Cli-39-buggy,function_1,10,,FALSE
39,Cli-39-buggy,function_1,11,True,TRUE
39,Cli-39-buggy,function_1,12,,FALSE
39,Cli-39-buggy,function_1,13,False,FALSE
39,Cli-39-buggy,function_1,14,,FALSE
39,Cli-39-buggy,function_1,15,True,TRUE
39,Cli-39-buggy,function_1,16,,FALSE
39,Cli-39-buggy,function_1,17,False,FALSE
39,Cli-39-buggy,function_1,18,,FALSE
39,Cli-39-buggy,function_1,19,True,TRUE
39,Cli-39-buggy,function_1,20,,FALSE
39,Cli-39-buggy,function_1,21,False,FALSE
39,Cli-39-buggy,function_1,22,,FALSE
39,Cli-39-buggy,function_1,23,True,TRUE
39,Cli-39-buggy,function_1,24,,FALSE
39,Cli-39-buggy,function_1,25,False,FALSE
39,Cli-39-buggy,function_1,26,,FALSE
39,Cli-39-buggy,function_1,27,True,TRUE
39,Cli-39-buggy,function_1,28,,TRUE
39,Cli-39-buggy,function_1,29,True,TRUE
39,Cli-39-buggy,function_1,30,,FALSE
39,Cli-39-buggy,function_1,31,False,FALSE
39,Cli-39-buggy,function_1,32,,FALSE
39,Cli-39-buggy,function_1,33,False,FALSE
39,Cli-39-buggy,function_1,34,,FALSE
39,Cli-39-buggy,function_1,35,False,FALSE
39,Cli-39-buggy,function_1,36,,FALSE
39,Cli-39-buggy,function_1,37,False,FALSE
39,Cli-39-buggy,function_1,38,,FALSE
39,Cli-39-buggy,function_1,39,,FALSE
39,Cli-39-buggy,function_1,40,,FALSE
39,Cli-39-buggy,function_1,41,False,FALSE
39,Cli-39-buggy,function_1,42,,FALSE
39,Cli-39-buggy,function_1,43,,FALSE
39,Cli-39-buggy,function_2,1,,TRUE
39,Cli-39-buggy,function_2,2,,TRUE
39,Cli-39-buggy,function_2,3,True,TRUE
39,Cli-39-buggy,function_2,4,,FALSE
4,Cli-4-buggy,function_1,1,,TRUE
4,Cli-4-buggy,function_1,2,,TRUE
4,Cli-4-buggy,function_1,3,,FALSE
4,Cli-4-buggy,function_1,4,,FALSE
4,Cli-4-buggy,function_1,5,,FALSE
4,Cli-4-buggy,function_1,6,True,TRUE
4,Cli-4-buggy,function_1,7,,FALSE
4,Cli-4-buggy,function_1,8,True,TRUE
4,Cli-4-buggy,function_1,9,True,TRUE
4,Cli-4-buggy,function_1,10,,FALSE
4,Cli-4-buggy,function_1,11,,FALSE
4,Cli-4-buggy,function_1,12,,FALSE
4,Cli-4-buggy,function_1,13,True,TRUE
4,Cli-4-buggy,function_1,14,,FALSE
4,Cli-4-buggy,function_1,15,True,TRUE
4,Cli-4-buggy,function_1,16,,FALSE
4,Cli-4-buggy,function_1,17,,FALSE
4,Cli-4-buggy,function_1,18,True,TRUE
4,Cli-4-buggy,function_1,19,,FALSE
4,Cli-4-buggy,function_1,20,False,FALSE
40,Cli-40-buggy,function_1,1,,TRUE
40,Cli-40-buggy,function_1,2,,TRUE
40,Cli-40-buggy,function_1,3,True,TRUE
40,Cli-40-buggy,function_1,4,,FALSE
40,Cli-40-buggy,function_1,5,False,FALSE
40,Cli-40-buggy,function_1,6,,FALSE
40,Cli-40-buggy,function_1,7,True,TRUE
40,Cli-40-buggy,function_1,8,,FALSE
40,Cli-40-buggy,function_1,9,False,FALSE
40,Cli-40-buggy,function_1,10,,FALSE
40,Cli-40-buggy,function_1,11,True,TRUE
40,Cli-40-buggy,function_1,12,,FALSE
40,Cli-40-buggy,function_1,13,False,FALSE
40,Cli-40-buggy,function_1,14,,FALSE
40,Cli-40-buggy,function_1,15,True,TRUE
40,Cli-40-buggy,function_1,16,,FALSE
40,Cli-40-buggy,function_1,17,False,FALSE
40,Cli-40-buggy,function_1,18,,FALSE
40,Cli-40-buggy,function_1,19,True,TRUE
40,Cli-40-buggy,function_1,20,,FALSE
40,Cli-40-buggy,function_1,21,False,FALSE
40,Cli-40-buggy,function_1,22,,FALSE
40,Cli-40-buggy,function_1,23,True,TRUE
40,Cli-40-buggy,function_1,24,,FALSE
40,Cli-40-buggy,function_1,25,False,FALSE
40,Cli-40-buggy,function_1,26,,FALSE
40,Cli-40-buggy,function_1,27,True,TRUE
40,Cli-40-buggy,function_1,28,,FALSE
40,Cli-40-buggy,function_1,29,False,FALSE
40,Cli-40-buggy,function_1,30,,FALSE
40,Cli-40-buggy,function_1,31,True,TRUE
40,Cli-40-buggy,function_1,32,,FALSE
40,Cli-40-buggy,function_1,33,False,FALSE
40,Cli-40-buggy,function_1,34,,FALSE
40,Cli-40-buggy,function_1,35,True,TRUE
40,Cli-40-buggy,function_1,36,,FALSE
40,Cli-40-buggy,function_1,37,False,FALSE
40,Cli-40-buggy,function_1,38,,FALSE
40,Cli-40-buggy,function_1,39,,TRUE
40,Cli-40-buggy,function_1,40,,TRUE
40,Cli-40-buggy,function_1,41,True,TRUE
40,Cli-40-buggy,function_1,42,,TRUE
40,Cli-40-buggy,function_1,43,,TRUE
5,Cli-5-buggy,function_1,1,,TRUE
5,Cli-5-buggy,function_1,2,,FALSE
5,Cli-5-buggy,function_1,3,True,TRUE
5,Cli-5-buggy,function_1,4,,FALSE
5,Cli-5-buggy,function_1,5,True,TRUE
5,Cli-5-buggy,function_1,6,,FALSE
5,Cli-5-buggy,function_1,7,True,TRUE
5,Cli-5-buggy,function_1,8,,FALSE
5,Cli-5-buggy,function_1,9,True,TRUE
5,Cli-5-buggy,function_1,10,,FALSE
5,Cli-5-buggy,function_1,11,,FALSE
5,Cli-5-buggy,function_1,12,False,FALSE
5,Cli-5-buggy,function_1,13,,FALSE
8,Cli-8-buggy,function_1,1,,FALSE
8,Cli-8-buggy,function_1,2,,FALSE
8,Cli-8-buggy,function_1,3,,FALSE
8,Cli-8-buggy,function_1,4,True,TRUE
8,Cli-8-buggy,function_1,5,,FALSE
8,Cli-8-buggy,function_1,6,True,TRUE
8,Cli-8-buggy,function_1,7,,FALSE
8,Cli-8-buggy,function_1,8,False,FALSE
8,Cli-8-buggy,function_1,9,,FALSE
8,Cli-8-buggy,function_1,10,False,FALSE
8,Cli-8-buggy,function_1,11,,FALSE
8,Cli-8-buggy,function_1,12,True,TRUE
8,Cli-8-buggy,function_1,13,,FALSE
8,Cli-8-buggy,function_1,14,,FALSE
8,Cli-8-buggy,function_1,15,,FALSE
8,Cli-8-buggy,function_1,16,True,TRUE
8,Cli-8-buggy,function_1,17,,FALSE
8,Cli-8-buggy,function_1,18,,TRUE
8,Cli-8-buggy,function_1,19,,FALSE
8,Cli-8-buggy,function_1,20,True,TRUE
8,Cli-8-buggy,function_1,21,True,TRUE
8,Cli-8-buggy,function_1,22,,FALSE
8,Cli-8-buggy,function_1,23,True,TRUE
8,Cli-8-buggy,function_1,24,,FALSE
8,Cli-8-buggy,function_1,25,True,TRUE
8,Cli-8-buggy,function_1,26,,FALSE
8,Cli-8-buggy,function_1,27,True,TRUE
8,Cli-8-buggy,function_1,28,,FALSE
8,Cli-8-buggy,function_1,29,,FALSE
8,Cli-8-buggy,function_1,30,False,TRUE
8,Cli-8-buggy,function_1,31,,FALSE
8,Cli-8-buggy,function_1,32,,FALSE
9,Cli-9-buggy,function_1,1,,TRUE
9,Cli-9-buggy,function_1,2,,TRUE
9,Cli-9-buggy,function_1,3,,TRUE
9,Cli-9-buggy,function_1,4,,FALSE
9,Cli-9-buggy,function_1,5,,FALSE
9,Cli-9-buggy,function_1,6,True,TRUE
9,Cli-9-buggy,function_1,7,,TRUE
9,Cli-9-buggy,function_1,8,True,TRUE
9,Cli-9-buggy,function_1,9,True,TRUE
9,Cli-9-buggy,function_1,10,True,TRUE
9,Cli-9-buggy,function_1,11,True,TRUE
9,Cli-9-buggy,function_1,12,,FALSE
9,Cli-9-buggy,function_1,13,,FALSE
9,Cli-9-buggy,function_1,14,,FALSE
9,Cli-9-buggy,function_1,15,True,TRUE
9,Cli-9-buggy,function_1,16,,TRUE
9,Cli-9-buggy,function_1,17,True,TRUE
9,Cli-9-buggy,function_1,18,,FALSE
9,Cli-9-buggy,function_1,19,,FALSE
9,Cli-9-buggy,function_1,20,True,TRUE
9,Cli-9-buggy,function_1,21,,FALSE
9,Cli-9-buggy,function_1,22,False,FALSE
