project,bug_id,folder,function_id,class_fqcn,file,method_sig_snippet,method_start,method_end,line,line_in_method,ci,mi,cb,mb,executed
Jacksonxml,1,JacksonXml-1-buggy,function_1,,com/fasterxml/jackson/dataformat/xml/deser/FromXmlParser.java,public JsonToken nextToken() throws IOException,445,578,445,1,,,,,
Jacksonxml,1,JacksonXml-1-buggy,function_1,,com/fasterxml/jackson/dataformat/xml/deser/FromXmlParser.java,public JsonToken nextToken() throws IOException,445,578,446,2,,,,,
Jacksonxml,1,JacksonXml-1-buggy,function_1,,com/fasterxml/jackson/dataformat/xml/deser/FromXmlParser.java,public JsonToken nextToken() throws IOException,445,578,447,3,3,0,0,0,True
Jacksonxml,1,JacksonXml-1-buggy,function_1,,com/fasterxml/jackson/dataformat/xml/deser/FromXmlParser.java,public JsonToken nextToken() throws IOException,445,578,448,4,3,0,2,0,True
Jacksonxml,1,JacksonXml-1-buggy,function_1,,com/fasterxml/jackson/dataformat/xml/deser/FromXmlParser.java,public JsonToken nextToken() throws IOException,445,578,449,5,3,0,0,0,True
Jacksonxml,1,JacksonXml-1-buggy,function_1,,com/fasterxml/jackson/dataformat/xml/deser/FromXmlParser.java,public JsonToken nextToken() throws IOException,445,578,450,6,3,0,0,0,True
Jacksonxml,1,JacksonXml-1-buggy,function_1,,com/fasterxml/jackson/dataformat/xml/deser/FromXmlParser.java,public JsonToken nextToken() throws IOException,445,578,451,7,3,0,0,0,True
Jacksonxml,1,JacksonXml-1-buggy,function_1,,com/fasterxml/jackson/dataformat/xml/deser/FromXmlParser.java,public JsonToken nextToken() throws IOException,445,578,452,8,5,0,2,3,True
Jacksonxml,1,JacksonXml-1-buggy,function_1,,com/fasterxml/jackson/dataformat/xml/deser/FromXmlParser.java,public JsonToken nextToken() throws IOException,445,578,453,9,,,,,
Jacksonxml,1,JacksonXml-1-buggy,function_1,,com/fasterxml/jackson/dataformat/xml/deser/FromXmlParser.java,public JsonToken nextToken() throws IOException,445,578,454,10,7,0,0,0,True
Jacksonxml,1,JacksonXml-1-buggy,function_1,,com/fasterxml/jackson/dataformat/xml/deser/FromXmlParser.java,public JsonToken nextToken() throws IOException,445,578,455,11,1,0,0,0,True
Jacksonxml,1,JacksonXml-1-buggy,function_1,,com/fasterxml/jackson/dataformat/xml/deser/FromXmlParser.java,public JsonToken nextToken() throws IOException,445,578,456,12,,,,,
Jacksonxml,1,JacksonXml-1-buggy,function_1,,com/fasterxml/jackson/dataformat/xml/deser/FromXmlParser.java,public JsonToken nextToken() throws IOException,445,578,457,13,0,7,0,0,False
Jacksonxml,1,JacksonXml-1-buggy,function_1,,com/fasterxml/jackson/dataformat/xml/deser/FromXmlParser.java,public JsonToken nextToken() throws IOException,445,578,458,14,0,1,0,0,False
Jacksonxml,1,JacksonXml-1-buggy,function_1,,com/fasterxml/jackson/dataformat/xml/deser/FromXmlParser.java,public JsonToken nextToken() throws IOException,445,578,459,15,,,,,
Jacksonxml,1,JacksonXml-1-buggy,function_1,,com/fasterxml/jackson/dataformat/xml/deser/FromXmlParser.java,public JsonToken nextToken() throws IOException,445,578,460,16,,,,,
Jacksonxml,1,JacksonXml-1-buggy,function_1,,com/fasterxml/jackson/dataformat/xml/deser/FromXmlParser.java,public JsonToken nextToken() throws IOException,445,578,461,17,0,5,0,0,False
Jacksonxml,1,JacksonXml-1-buggy,function_1,,com/fasterxml/jackson/dataformat/xml/deser/FromXmlParser.java,public JsonToken nextToken() throws IOException,445,578,462,18,0,5,0,0,False
Jacksonxml,1,JacksonXml-1-buggy,function_1,,com/fasterxml/jackson/dataformat/xml/deser/FromXmlParser.java,public JsonToken nextToken() throws IOException,445,578,463,19,0,1,0,0,False
Jacksonxml,1,JacksonXml-1-buggy,function_1,,com/fasterxml/jackson/dataformat/xml/deser/FromXmlParser.java,public JsonToken nextToken() throws IOException,445,578,464,20,,,,,
Jacksonxml,1,JacksonXml-1-buggy,function_1,,com/fasterxml/jackson/dataformat/xml/deser/FromXmlParser.java,public JsonToken nextToken() throws IOException,445,578,465,21,6,0,0,0,True
Jacksonxml,1,JacksonXml-1-buggy,function_1,,com/fasterxml/jackson/dataformat/xml/deser/FromXmlParser.java,public JsonToken nextToken() throws IOException,445,578,466,22,1,0,0,0,True
Jacksonxml,1,JacksonXml-1-buggy,function_1,,com/fasterxml/jackson/dataformat/xml/deser/FromXmlParser.java,public JsonToken nextToken() throws IOException,445,578,467,23,,,,,
Jacksonxml,1,JacksonXml-1-buggy,function_1,,com/fasterxml/jackson/dataformat/xml/deser/FromXmlParser.java,public JsonToken nextToken() throws IOException,445,578,468,24,,,,,
Jacksonxml,1,JacksonXml-1-buggy,function_1,,com/fasterxml/jackson/dataformat/xml/deser/FromXmlParser.java,public JsonToken nextToken() throws IOException,445,578,469,25,,,,,
Jacksonxml,1,JacksonXml-1-buggy,function_1,,com/fasterxml/jackson/dataformat/xml/deser/FromXmlParser.java,public JsonToken nextToken() throws IOException,445,578,470,26,2,0,0,0,True
Jacksonxml,1,JacksonXml-1-buggy,function_1,,com/fasterxml/jackson/dataformat/xml/deser/FromXmlParser.java,public JsonToken nextToken() throws IOException,445,578,471,27,,,,,
Jacksonxml,1,JacksonXml-1-buggy,function_1,,com/fasterxml/jackson/dataformat/xml/deser/FromXmlParser.java,public JsonToken nextToken() throws IOException,445,578,472,28,4,0,0,0,True
Jacksonxml,1,JacksonXml-1-buggy,function_1,,com/fasterxml/jackson/dataformat/xml/deser/FromXmlParser.java,public JsonToken nextToken() throws IOException,445,578,473,29,,,,,
Jacksonxml,1,JacksonXml-1-buggy,function_1,,com/fasterxml/jackson/dataformat/xml/deser/FromXmlParser.java,public JsonToken nextToken() throws IOException,445,578,474,30,,,,,
Jacksonxml,1,JacksonXml-1-buggy,function_1,,com/fasterxml/jackson/dataformat/xml/deser/FromXmlParser.java,public JsonToken nextToken() throws IOException,445,578,475,31,,,,,
Jacksonxml,1,JacksonXml-1-buggy,function_1,,com/fasterxml/jackson/dataformat/xml/deser/FromXmlParser.java,public JsonToken nextToken() throws IOException,445,578,476,32,3,0,2,0,True
Jacksonxml,1,JacksonXml-1-buggy,function_1,,com/fasterxml/jackson/dataformat/xml/deser/FromXmlParser.java,public JsonToken nextToken() throws IOException,445,578,477,33,,,,,
Jacksonxml,1,JacksonXml-1-buggy,function_1,,com/fasterxml/jackson/dataformat/xml/deser/FromXmlParser.java,public JsonToken nextToken() throws IOException,445,578,478,34,3,0,2,0,True
Jacksonxml,1,JacksonXml-1-buggy,function_1,,com/fasterxml/jackson/dataformat/xml/deser/FromXmlParser.java,public JsonToken nextToken() throws IOException,445,578,479,35,,,,,
Jacksonxml,1,JacksonXml-1-buggy,function_1,,com/fasterxml/jackson/dataformat/xml/deser/FromXmlParser.java,public JsonToken nextToken() throws IOException,445,578,480,36,3,0,0,0,True
Jacksonxml,1,JacksonXml-1-buggy,function_1,,com/fasterxml/jackson/dataformat/xml/deser/FromXmlParser.java,public JsonToken nextToken() throws IOException,445,578,481,37,7,0,0,0,True
Jacksonxml,1,JacksonXml-1-buggy,function_1,,com/fasterxml/jackson/dataformat/xml/deser/FromXmlParser.java,public JsonToken nextToken() throws IOException,445,578,482,38,5,0,0,0,True
Jacksonxml,1,JacksonXml-1-buggy,function_1,,com/fasterxml/jackson/dataformat/xml/deser/FromXmlParser.java,public JsonToken nextToken() throws IOException,445,578,483,39,,,,,
Jacksonxml,1,JacksonXml-1-buggy,function_1,,com/fasterxml/jackson/dataformat/xml/deser/FromXmlParser.java,public JsonToken nextToken() throws IOException,445,578,484,40,4,0,2,0,True
Jacksonxml,1,JacksonXml-1-buggy,function_1,,com/fasterxml/jackson/dataformat/xml/deser/FromXmlParser.java,public JsonToken nextToken() throws IOException,445,578,485,41,,,,,
Jacksonxml,1,JacksonXml-1-buggy,function_1,,com/fasterxml/jackson/dataformat/xml/deser/FromXmlParser.java,public JsonToken nextToken() throws IOException,445,578,486,42,,,,,
Jacksonxml,1,JacksonXml-1-buggy,function_1,,com/fasterxml/jackson/dataformat/xml/deser/FromXmlParser.java,public JsonToken nextToken() throws IOException,445,578,487,43,4,0,0,0,True
Jacksonxml,1,JacksonXml-1-buggy,function_1,,com/fasterxml/jackson/dataformat/xml/deser/FromXmlParser.java,public JsonToken nextToken() throws IOException,445,578,488,44,3,0,0,0,True
Jacksonxml,1,JacksonXml-1-buggy,function_1,,com/fasterxml/jackson/dataformat/xml/deser/FromXmlParser.java,public JsonToken nextToken() throws IOException,445,578,489,45,1,0,0,0,True
Jacksonxml,1,JacksonXml-1-buggy,function_1,,com/fasterxml/jackson/dataformat/xml/deser/FromXmlParser.java,public JsonToken nextToken() throws IOException,445,578,490,46,,,,,
Jacksonxml,1,JacksonXml-1-buggy,function_1,,com/fasterxml/jackson/dataformat/xml/deser/FromXmlParser.java,public JsonToken nextToken() throws IOException,445,578,491,47,4,0,0,0,True
Jacksonxml,1,JacksonXml-1-buggy,function_1,,com/fasterxml/jackson/dataformat/xml/deser/FromXmlParser.java,public JsonToken nextToken() throws IOException,445,578,492,48,4,0,0,0,True
Jacksonxml,1,JacksonXml-1-buggy,function_1,,com/fasterxml/jackson/dataformat/xml/deser/FromXmlParser.java,public JsonToken nextToken() throws IOException,445,578,493,49,,,,,
Jacksonxml,1,JacksonXml-1-buggy,function_1,,com/fasterxml/jackson/dataformat/xml/deser/FromXmlParser.java,public JsonToken nextToken() throws IOException,445,578,494,50,,,,,
Jacksonxml,1,JacksonXml-1-buggy,function_1,,com/fasterxml/jackson/dataformat/xml/deser/FromXmlParser.java,public JsonToken nextToken() throws IOException,445,578,495,51,,,,,
Jacksonxml,1,JacksonXml-1-buggy,function_1,,com/fasterxml/jackson/dataformat/xml/deser/FromXmlParser.java,public JsonToken nextToken() throws IOException,445,578,496,52,8,0,3,1,True
Jacksonxml,1,JacksonXml-1-buggy,function_1,,com/fasterxml/jackson/dataformat/xml/deser/FromXmlParser.java,public JsonToken nextToken() throws IOException,445,578,497,53,3,0,0,0,True
Jacksonxml,1,JacksonXml-1-buggy,function_1,,com/fasterxml/jackson/dataformat/xml/deser/FromXmlParser.java,public JsonToken nextToken() throws IOException,445,578,498,54,,,,,
Jacksonxml,1,JacksonXml-1-buggy,function_1,,com/fasterxml/jackson/dataformat/xml/deser/FromXmlParser.java,public JsonToken nextToken() throws IOException,445,578,499,55,,,,,
Jacksonxml,1,JacksonXml-1-buggy,function_1,,com/fasterxml/jackson/dataformat/xml/deser/FromXmlParser.java,public JsonToken nextToken() throws IOException,445,578,500,56,3,0,0,0,True
Jacksonxml,1,JacksonXml-1-buggy,function_1,,com/fasterxml/jackson/dataformat/xml/deser/FromXmlParser.java,public JsonToken nextToken() throws IOException,445,578,501,57,,,,,
Jacksonxml,1,JacksonXml-1-buggy,function_1,,com/fasterxml/jackson/dataformat/xml/deser/FromXmlParser.java,public JsonToken nextToken() throws IOException,445,578,502,58,,,,,
Jacksonxml,1,JacksonXml-1-buggy,function_1,,com/fasterxml/jackson/dataformat/xml/deser/FromXmlParser.java,public JsonToken nextToken() throws IOException,445,578,503,59,5,0,0,0,True
Jacksonxml,1,JacksonXml-1-buggy,function_1,,com/fasterxml/jackson/dataformat/xml/deser/FromXmlParser.java,public JsonToken nextToken() throws IOException,445,578,504,60,,,,,
Jacksonxml,1,JacksonXml-1-buggy,function_1,,com/fasterxml/jackson/dataformat/xml/deser/FromXmlParser.java,public JsonToken nextToken() throws IOException,445,578,505,61,,,,,
Jacksonxml,1,JacksonXml-1-buggy,function_1,,com/fasterxml/jackson/dataformat/xml/deser/FromXmlParser.java,public JsonToken nextToken() throws IOException,445,578,506,62,,,,,
Jacksonxml,1,JacksonXml-1-buggy,function_1,,com/fasterxml/jackson/dataformat/xml/deser/FromXmlParser.java,public JsonToken nextToken() throws IOException,445,578,507,63,2,0,4,2,True
Jacksonxml,1,JacksonXml-1-buggy,function_1,,com/fasterxml/jackson/dataformat/xml/deser/FromXmlParser.java,public JsonToken nextToken() throws IOException,445,578,508,64,,,,,
Jacksonxml,1,JacksonXml-1-buggy,function_1,,com/fasterxml/jackson/dataformat/xml/deser/FromXmlParser.java,public JsonToken nextToken() throws IOException,445,578,509,65,,,,,
Jacksonxml,1,JacksonXml-1-buggy,function_1,,com/fasterxml/jackson/dataformat/xml/deser/FromXmlParser.java,public JsonToken nextToken() throws IOException,445,578,510,66,3,0,2,0,True
Jacksonxml,1,JacksonXml-1-buggy,function_1,,com/fasterxml/jackson/dataformat/xml/deser/FromXmlParser.java,public JsonToken nextToken() throws IOException,445,578,511,67,3,0,0,0,True
Jacksonxml,1,JacksonXml-1-buggy,function_1,,com/fasterxml/jackson/dataformat/xml/deser/FromXmlParser.java,public JsonToken nextToken() throws IOException,445,578,512,68,,,,,
Jacksonxml,1,JacksonXml-1-buggy,function_1,,com/fasterxml/jackson/dataformat/xml/deser/FromXmlParser.java,public JsonToken nextToken() throws IOException,445,578,513,69,,,,,
Jacksonxml,1,JacksonXml-1-buggy,function_1,,com/fasterxml/jackson/dataformat/xml/deser/FromXmlParser.java,public JsonToken nextToken() throws IOException,445,578,514,70,5,0,0,0,True
Jacksonxml,1,JacksonXml-1-buggy,function_1,,com/fasterxml/jackson/dataformat/xml/deser/FromXmlParser.java,public JsonToken nextToken() throws IOException,445,578,515,71,,,,,
Jacksonxml,1,JacksonXml-1-buggy,function_1,,com/fasterxml/jackson/dataformat/xml/deser/FromXmlParser.java,public JsonToken nextToken() throws IOException,445,578,516,72,9,0,2,0,True
Jacksonxml,1,JacksonXml-1-buggy,function_1,,com/fasterxml/jackson/dataformat/xml/deser/FromXmlParser.java,public JsonToken nextToken() throws IOException,445,578,517,73,5,0,0,0,True
Jacksonxml,1,JacksonXml-1-buggy,function_1,,com/fasterxml/jackson/dataformat/xml/deser/FromXmlParser.java,public JsonToken nextToken() throws IOException,445,578,518,74,5,0,0,0,True
Jacksonxml,1,JacksonXml-1-buggy,function_1,,com/fasterxml/jackson/dataformat/xml/deser/FromXmlParser.java,public JsonToken nextToken() throws IOException,445,578,519,75,3,0,0,0,True
Jacksonxml,1,JacksonXml-1-buggy,function_1,,com/fasterxml/jackson/dataformat/xml/deser/FromXmlParser.java,public JsonToken nextToken() throws IOException,445,578,520,76,,,,,
Jacksonxml,1,JacksonXml-1-buggy,function_1,,com/fasterxml/jackson/dataformat/xml/deser/FromXmlParser.java,public JsonToken nextToken() throws IOException,445,578,521,77,,,,,
Jacksonxml,1,JacksonXml-1-buggy,function_1,,com/fasterxml/jackson/dataformat/xml/deser/FromXmlParser.java,public JsonToken nextToken() throws IOException,445,578,522,78,,,,,
Jacksonxml,1,JacksonXml-1-buggy,function_1,,com/fasterxml/jackson/dataformat/xml/deser/FromXmlParser.java,public JsonToken nextToken() throws IOException,445,578,523,79,3,0,1,1,True
Jacksonxml,1,JacksonXml-1-buggy,function_1,,com/fasterxml/jackson/dataformat/xml/deser/FromXmlParser.java,public JsonToken nextToken() throws IOException,445,578,524,80,3,0,0,0,True
Jacksonxml,1,JacksonXml-1-buggy,function_1,,com/fasterxml/jackson/dataformat/xml/deser/FromXmlParser.java,public JsonToken nextToken() throws IOException,445,578,525,81,3,0,0,0,True
Jacksonxml,1,JacksonXml-1-buggy,function_1,,com/fasterxml/jackson/dataformat/xml/deser/FromXmlParser.java,public JsonToken nextToken() throws IOException,445,578,526,82,5,0,0,0,True
Jacksonxml,1,JacksonXml-1-buggy,function_1,,com/fasterxml/jackson/dataformat/xml/deser/FromXmlParser.java,public JsonToken nextToken() throws IOException,445,578,527,83,7,0,0,0,True
Jacksonxml,1,JacksonXml-1-buggy,function_1,,com/fasterxml/jackson/dataformat/xml/deser/FromXmlParser.java,public JsonToken nextToken() throws IOException,445,578,528,84,5,0,0,0,True
Jacksonxml,1,JacksonXml-1-buggy,function_1,,com/fasterxml/jackson/dataformat/xml/deser/FromXmlParser.java,public JsonToken nextToken() throws IOException,445,578,529,85,,,,,
Jacksonxml,1,JacksonXml-1-buggy,function_1,,com/fasterxml/jackson/dataformat/xml/deser/FromXmlParser.java,public JsonToken nextToken() throws IOException,445,578,530,86,0,6,0,0,False
Jacksonxml,1,JacksonXml-1-buggy,function_1,,com/fasterxml/jackson/dataformat/xml/deser/FromXmlParser.java,public JsonToken nextToken() throws IOException,445,578,531,87,0,5,0,0,False
Jacksonxml,1,JacksonXml-1-buggy,function_1,,com/fasterxml/jackson/dataformat/xml/deser/FromXmlParser.java,public JsonToken nextToken() throws IOException,445,578,532,88,,,,,
Jacksonxml,1,JacksonXml-1-buggy,function_1,,com/fasterxml/jackson/dataformat/xml/deser/FromXmlParser.java,public JsonToken nextToken() throws IOException,445,578,533,89,5,0,0,0,True
Jacksonxml,1,JacksonXml-1-buggy,function_1,,com/fasterxml/jackson/dataformat/xml/deser/FromXmlParser.java,public JsonToken nextToken() throws IOException,445,578,534,90,5,0,0,0,True
Jacksonxml,1,JacksonXml-1-buggy,function_1,,com/fasterxml/jackson/dataformat/xml/deser/FromXmlParser.java,public JsonToken nextToken() throws IOException,445,578,535,91,,,,,
Jacksonxml,1,JacksonXml-1-buggy,function_1,,com/fasterxml/jackson/dataformat/xml/deser/FromXmlParser.java,public JsonToken nextToken() throws IOException,445,578,536,92,5,0,0,0,True
Jacksonxml,1,JacksonXml-1-buggy,function_1,,com/fasterxml/jackson/dataformat/xml/deser/FromXmlParser.java,public JsonToken nextToken() throws IOException,445,578,537,93,3,0,1,1,True
Jacksonxml,1,JacksonXml-1-buggy,function_1,,com/fasterxml/jackson/dataformat/xml/deser/FromXmlParser.java,public JsonToken nextToken() throws IOException,445,578,538,94,3,0,0,0,True
Jacksonxml,1,JacksonXml-1-buggy,function_1,,com/fasterxml/jackson/dataformat/xml/deser/FromXmlParser.java,public JsonToken nextToken() throws IOException,445,578,539,95,,,,,
Jacksonxml,1,JacksonXml-1-buggy,function_1,,com/fasterxml/jackson/dataformat/xml/deser/FromXmlParser.java,public JsonToken nextToken() throws IOException,445,578,540,96,,,,,
Jacksonxml,1,JacksonXml-1-buggy,function_1,,com/fasterxml/jackson/dataformat/xml/deser/FromXmlParser.java,public JsonToken nextToken() throws IOException,445,578,541,97,,,,,
Jacksonxml,1,JacksonXml-1-buggy,function_1,,com/fasterxml/jackson/dataformat/xml/deser/FromXmlParser.java,public JsonToken nextToken() throws IOException,445,578,542,98,,,,,
Jacksonxml,1,JacksonXml-1-buggy,function_1,,com/fasterxml/jackson/dataformat/xml/deser/FromXmlParser.java,public JsonToken nextToken() throws IOException,445,578,543,99,,,,,
Jacksonxml,1,JacksonXml-1-buggy,function_1,,com/fasterxml/jackson/dataformat/xml/deser/FromXmlParser.java,public JsonToken nextToken() throws IOException,445,578,544,100,3,0,0,0,True
Jacksonxml,1,JacksonXml-1-buggy,function_1,,com/fasterxml/jackson/dataformat/xml/deser/FromXmlParser.java,public JsonToken nextToken() throws IOException,445,578,545,101,4,0,2,0,True
Jacksonxml,1,JacksonXml-1-buggy,function_1,,com/fasterxml/jackson/dataformat/xml/deser/FromXmlParser.java,public JsonToken nextToken() throws IOException,445,578,546,102,5,0,1,1,True
Jacksonxml,1,JacksonXml-1-buggy,function_1,,com/fasterxml/jackson/dataformat/xml/deser/FromXmlParser.java,public JsonToken nextToken() throws IOException,445,578,547,103,,,,,
Jacksonxml,1,JacksonXml-1-buggy,function_1,,com/fasterxml/jackson/dataformat/xml/deser/FromXmlParser.java,public JsonToken nextToken() throws IOException,445,578,548,104,,,,,
Jacksonxml,1,JacksonXml-1-buggy,function_1,,com/fasterxml/jackson/dataformat/xml/deser/FromXmlParser.java,public JsonToken nextToken() throws IOException,445,578,549,105,,,,,
Jacksonxml,1,JacksonXml-1-buggy,function_1,,com/fasterxml/jackson/dataformat/xml/deser/FromXmlParser.java,public JsonToken nextToken() throws IOException,445,578,550,106,3,0,0,0,True
Jacksonxml,1,JacksonXml-1-buggy,function_1,,com/fasterxml/jackson/dataformat/xml/deser/FromXmlParser.java,public JsonToken nextToken() throws IOException,445,578,551,107,5,0,0,0,True
Jacksonxml,1,JacksonXml-1-buggy,function_1,,com/fasterxml/jackson/dataformat/xml/deser/FromXmlParser.java,public JsonToken nextToken() throws IOException,445,578,552,108,5,0,0,0,True
Jacksonxml,1,JacksonXml-1-buggy,function_1,,com/fasterxml/jackson/dataformat/xml/deser/FromXmlParser.java,public JsonToken nextToken() throws IOException,445,578,553,109,3,0,0,0,True
Jacksonxml,1,JacksonXml-1-buggy,function_1,,com/fasterxml/jackson/dataformat/xml/deser/FromXmlParser.java,public JsonToken nextToken() throws IOException,445,578,554,110,,,,,
Jacksonxml,1,JacksonXml-1-buggy,function_1,,com/fasterxml/jackson/dataformat/xml/deser/FromXmlParser.java,public JsonToken nextToken() throws IOException,445,578,555,111,,,,,
Jacksonxml,1,JacksonXml-1-buggy,function_1,,com/fasterxml/jackson/dataformat/xml/deser/FromXmlParser.java,public JsonToken nextToken() throws IOException,445,578,556,112,5,0,0,0,True
Jacksonxml,1,JacksonXml-1-buggy,function_1,,com/fasterxml/jackson/dataformat/xml/deser/FromXmlParser.java,public JsonToken nextToken() throws IOException,445,578,557,113,,,,,
Jacksonxml,1,JacksonXml-1-buggy,function_1,,com/fasterxml/jackson/dataformat/xml/deser/FromXmlParser.java,public JsonToken nextToken() throws IOException,445,578,558,114,,,,,
Jacksonxml,1,JacksonXml-1-buggy,function_1,,com/fasterxml/jackson/dataformat/xml/deser/FromXmlParser.java,public JsonToken nextToken() throws IOException,445,578,559,115,0,11,0,4,False
Jacksonxml,1,JacksonXml-1-buggy,function_1,,com/fasterxml/jackson/dataformat/xml/deser/FromXmlParser.java,public JsonToken nextToken() throws IOException,445,578,560,116,0,2,0,2,False
Jacksonxml,1,JacksonXml-1-buggy,function_1,,com/fasterxml/jackson/dataformat/xml/deser/FromXmlParser.java,public JsonToken nextToken() throws IOException,445,578,561,117,0,3,0,0,False
Jacksonxml,1,JacksonXml-1-buggy,function_1,,com/fasterxml/jackson/dataformat/xml/deser/FromXmlParser.java,public JsonToken nextToken() throws IOException,445,578,562,118,0,5,0,0,False
Jacksonxml,1,JacksonXml-1-buggy,function_1,,com/fasterxml/jackson/dataformat/xml/deser/FromXmlParser.java,public JsonToken nextToken() throws IOException,445,578,563,119,0,5,0,0,False
Jacksonxml,1,JacksonXml-1-buggy,function_1,,com/fasterxml/jackson/dataformat/xml/deser/FromXmlParser.java,public JsonToken nextToken() throws IOException,445,578,564,120,0,3,0,0,False
Jacksonxml,1,JacksonXml-1-buggy,function_1,,com/fasterxml/jackson/dataformat/xml/deser/FromXmlParser.java,public JsonToken nextToken() throws IOException,445,578,565,121,,,,,
Jacksonxml,1,JacksonXml-1-buggy,function_1,,com/fasterxml/jackson/dataformat/xml/deser/FromXmlParser.java,public JsonToken nextToken() throws IOException,445,578,566,122,,,,,
Jacksonxml,1,JacksonXml-1-buggy,function_1,,com/fasterxml/jackson/dataformat/xml/deser/FromXmlParser.java,public JsonToken nextToken() throws IOException,445,578,567,123,,,,,
Jacksonxml,1,JacksonXml-1-buggy,function_1,,com/fasterxml/jackson/dataformat/xml/deser/FromXmlParser.java,public JsonToken nextToken() throws IOException,445,578,568,124,0,5,0,0,False
Jacksonxml,1,JacksonXml-1-buggy,function_1,,com/fasterxml/jackson/dataformat/xml/deser/FromXmlParser.java,public JsonToken nextToken() throws IOException,445,578,569,125,0,3,0,0,False
Jacksonxml,1,JacksonXml-1-buggy,function_1,,com/fasterxml/jackson/dataformat/xml/deser/FromXmlParser.java,public JsonToken nextToken() throws IOException,445,578,570,126,0,5,0,0,False
Jacksonxml,1,JacksonXml-1-buggy,function_1,,com/fasterxml/jackson/dataformat/xml/deser/FromXmlParser.java,public JsonToken nextToken() throws IOException,445,578,571,127,,,,,
Jacksonxml,1,JacksonXml-1-buggy,function_1,,com/fasterxml/jackson/dataformat/xml/deser/FromXmlParser.java,public JsonToken nextToken() throws IOException,445,578,572,128,0,5,0,0,False
Jacksonxml,1,JacksonXml-1-buggy,function_1,,com/fasterxml/jackson/dataformat/xml/deser/FromXmlParser.java,public JsonToken nextToken() throws IOException,445,578,573,129,,,,,
Jacksonxml,1,JacksonXml-1-buggy,function_1,,com/fasterxml/jackson/dataformat/xml/deser/FromXmlParser.java,public JsonToken nextToken() throws IOException,445,578,574,130,,,,,
Jacksonxml,1,JacksonXml-1-buggy,function_1,,com/fasterxml/jackson/dataformat/xml/deser/FromXmlParser.java,public JsonToken nextToken() throws IOException,445,578,575,131,,,,,
Jacksonxml,1,JacksonXml-1-buggy,function_1,,com/fasterxml/jackson/dataformat/xml/deser/FromXmlParser.java,public JsonToken nextToken() throws IOException,445,578,576,132,0,2,0,0,False
Jacksonxml,1,JacksonXml-1-buggy,function_1,,com/fasterxml/jackson/dataformat/xml/deser/FromXmlParser.java,public JsonToken nextToken() throws IOException,445,578,577,133,0,2,0,0,False
Jacksonxml,1,JacksonXml-1-buggy,function_1,,com/fasterxml/jackson/dataformat/xml/deser/FromXmlParser.java,public JsonToken nextToken() throws IOException,445,578,578,134,,,,,
Jacksonxml,2,JacksonXml-2-buggy,function_1,,com/fasterxml/jackson/dataformat/xml/deser/XmlTokenStream.java,private final int _next() throws XMLStreamException,309,356,309,1,,,,,
Jacksonxml,2,JacksonXml-2-buggy,function_1,,com/fasterxml/jackson/dataformat/xml/deser/XmlTokenStream.java,private final int _next() throws XMLStreamException,309,356,310,2,,,,,
Jacksonxml,2,JacksonXml-2-buggy,function_1,,com/fasterxml/jackson/dataformat/xml/deser/XmlTokenStream.java,private final int _next() throws XMLStreamException,309,356,311,3,3,0,5,1,True
Jacksonxml,2,JacksonXml-2-buggy,function_1,,com/fasterxml/jackson/dataformat/xml/deser/XmlTokenStream.java,private final int _next() throws XMLStreamException,309,356,312,4,,,,,
Jacksonxml,2,JacksonXml-2-buggy,function_1,,com/fasterxml/jackson/dataformat/xml/deser/XmlTokenStream.java,private final int _next() throws XMLStreamException,309,356,313,5,6,0,0,0,True
Jacksonxml,2,JacksonXml-2-buggy,function_1,,com/fasterxml/jackson/dataformat/xml/deser/XmlTokenStream.java,private final int _next() throws XMLStreamException,309,356,314,6,,,,,
Jacksonxml,2,JacksonXml-2-buggy,function_1,,com/fasterxml/jackson/dataformat/xml/deser/XmlTokenStream.java,private final int _next() throws XMLStreamException,309,356,315,7,,,,,
Jacksonxml,2,JacksonXml-2-buggy,function_1,,com/fasterxml/jackson/dataformat/xml/deser/XmlTokenStream.java,private final int _next() throws XMLStreamException,309,356,316,8,5,0,2,0,True
Jacksonxml,2,JacksonXml-2-buggy,function_1,,com/fasterxml/jackson/dataformat/xml/deser/XmlTokenStream.java,private final int _next() throws XMLStreamException,309,356,317,9,7,0,0,0,True
Jacksonxml,2,JacksonXml-2-buggy,function_1,,com/fasterxml/jackson/dataformat/xml/deser/XmlTokenStream.java,private final int _next() throws XMLStreamException,309,356,318,10,7,0,0,0,True
Jacksonxml,2,JacksonXml-2-buggy,function_1,,com/fasterxml/jackson/dataformat/xml/deser/XmlTokenStream.java,private final int _next() throws XMLStreamException,309,356,319,11,7,0,0,0,True
Jacksonxml,2,JacksonXml-2-buggy,function_1,,com/fasterxml/jackson/dataformat/xml/deser/XmlTokenStream.java,private final int _next() throws XMLStreamException,309,356,320,12,5,0,0,0,True
Jacksonxml,2,JacksonXml-2-buggy,function_1,,com/fasterxml/jackson/dataformat/xml/deser/XmlTokenStream.java,private final int _next() throws XMLStreamException,309,356,321,13,,,,,
Jacksonxml,2,JacksonXml-2-buggy,function_1,,com/fasterxml/jackson/dataformat/xml/deser/XmlTokenStream.java,private final int _next() throws XMLStreamException,309,356,322,14,,,,,
Jacksonxml,2,JacksonXml-2-buggy,function_1,,com/fasterxml/jackson/dataformat/xml/deser/XmlTokenStream.java,private final int _next() throws XMLStreamException,309,356,323,15,3,0,0,0,True
Jacksonxml,2,JacksonXml-2-buggy,function_1,,com/fasterxml/jackson/dataformat/xml/deser/XmlTokenStream.java,private final int _next() throws XMLStreamException,309,356,324,16,,,,,
Jacksonxml,2,JacksonXml-2-buggy,function_1,,com/fasterxml/jackson/dataformat/xml/deser/XmlTokenStream.java,private final int _next() throws XMLStreamException,309,356,325,17,5,0,2,0,True
Jacksonxml,2,JacksonXml-2-buggy,function_1,,com/fasterxml/jackson/dataformat/xml/deser/XmlTokenStream.java,private final int _next() throws XMLStreamException,309,356,326,18,3,0,0,0,True
Jacksonxml,2,JacksonXml-2-buggy,function_1,,com/fasterxml/jackson/dataformat/xml/deser/XmlTokenStream.java,private final int _next() throws XMLStreamException,309,356,327,19,,,,,
Jacksonxml,2,JacksonXml-2-buggy,function_1,,com/fasterxml/jackson/dataformat/xml/deser/XmlTokenStream.java,private final int _next() throws XMLStreamException,309,356,328,20,,,,,
Jacksonxml,2,JacksonXml-2-buggy,function_1,,com/fasterxml/jackson/dataformat/xml/deser/XmlTokenStream.java,private final int _next() throws XMLStreamException,309,356,329,21,2,0,1,1,True
Jacksonxml,2,JacksonXml-2-buggy,function_1,,com/fasterxml/jackson/dataformat/xml/deser/XmlTokenStream.java,private final int _next() throws XMLStreamException,309,356,330,22,3,0,0,0,True
Jacksonxml,2,JacksonXml-2-buggy,function_1,,com/fasterxml/jackson/dataformat/xml/deser/XmlTokenStream.java,private final int _next() throws XMLStreamException,309,356,331,23,5,0,0,0,True
Jacksonxml,2,JacksonXml-2-buggy,function_1,,com/fasterxml/jackson/dataformat/xml/deser/XmlTokenStream.java,private final int _next() throws XMLStreamException,309,356,332,24,,,,,
Jacksonxml,2,JacksonXml-2-buggy,function_1,,com/fasterxml/jackson/dataformat/xml/deser/XmlTokenStream.java,private final int _next() throws XMLStreamException,309,356,333,25,0,3,0,0,False
Jacksonxml,2,JacksonXml-2-buggy,function_1,,com/fasterxml/jackson/dataformat/xml/deser/XmlTokenStream.java,private final int _next() throws XMLStreamException,309,356,334,26,,,,,
Jacksonxml,2,JacksonXml-2-buggy,function_1,,com/fasterxml/jackson/dataformat/xml/deser/XmlTokenStream.java,private final int _next() throws XMLStreamException,309,356,335,27,,,,,
Jacksonxml,2,JacksonXml-2-buggy,function_1,,com/fasterxml/jackson/dataformat/xml/deser/XmlTokenStream.java,private final int _next() throws XMLStreamException,309,356,336,28,,,,,
Jacksonxml,2,JacksonXml-2-buggy,function_1,,com/fasterxml/jackson/dataformat/xml/deser/XmlTokenStream.java,private final int _next() throws XMLStreamException,309,356,337,29,5,0,0,0,True
Jacksonxml,2,JacksonXml-2-buggy,function_1,,com/fasterxml/jackson/dataformat/xml/deser/XmlTokenStream.java,private final int _next() throws XMLStreamException,309,356,338,30,,,,,
Jacksonxml,2,JacksonXml-2-buggy,function_1,,com/fasterxml/jackson/dataformat/xml/deser/XmlTokenStream.java,private final int _next() throws XMLStreamException,309,356,339,31,,,,,
Jacksonxml,2,JacksonXml-2-buggy,function_1,,com/fasterxml/jackson/dataformat/xml/deser/XmlTokenStream.java,private final int _next() throws XMLStreamException,309,356,340,32,,,,,
Jacksonxml,2,JacksonXml-2-buggy,function_1,,com/fasterxml/jackson/dataformat/xml/deser/XmlTokenStream.java,private final int _next() throws XMLStreamException,309,356,341,33,3,0,0,0,True
Jacksonxml,2,JacksonXml-2-buggy,function_1,,com/fasterxml/jackson/dataformat/xml/deser/XmlTokenStream.java,private final int _next() throws XMLStreamException,309,356,342,34,,,,,
Jacksonxml,2,JacksonXml-2-buggy,function_1,,com/fasterxml/jackson/dataformat/xml/deser/XmlTokenStream.java,private final int _next() throws XMLStreamException,309,356,343,35,0,2,0,0,False
Jacksonxml,2,JacksonXml-2-buggy,function_1,,com/fasterxml/jackson/dataformat/xml/deser/XmlTokenStream.java,private final int _next() throws XMLStreamException,309,356,344,36,,,,,
Jacksonxml,2,JacksonXml-2-buggy,function_1,,com/fasterxml/jackson/dataformat/xml/deser/XmlTokenStream.java,private final int _next() throws XMLStreamException,309,356,345,37,,,,,
Jacksonxml,2,JacksonXml-2-buggy,function_1,,com/fasterxml/jackson/dataformat/xml/deser/XmlTokenStream.java,private final int _next() throws XMLStreamException,309,356,346,38,,,,,
Jacksonxml,2,JacksonXml-2-buggy,function_1,,com/fasterxml/jackson/dataformat/xml/deser/XmlTokenStream.java,private final int _next() throws XMLStreamException,309,356,347,39,,,,,
Jacksonxml,2,JacksonXml-2-buggy,function_1,,com/fasterxml/jackson/dataformat/xml/deser/XmlTokenStream.java,private final int _next() throws XMLStreamException,309,356,348,40,3,0,1,2,True
Jacksonxml,2,JacksonXml-2-buggy,function_1,,com/fasterxml/jackson/dataformat/xml/deser/XmlTokenStream.java,private final int _next() throws XMLStreamException,309,356,349,41,,,,,
Jacksonxml,2,JacksonXml-2-buggy,function_1,,com/fasterxml/jackson/dataformat/xml/deser/XmlTokenStream.java,private final int _next() throws XMLStreamException,309,356,350,42,0,5,0,0,False
Jacksonxml,2,JacksonXml-2-buggy,function_1,,com/fasterxml/jackson/dataformat/xml/deser/XmlTokenStream.java,private final int _next() throws XMLStreamException,309,356,351,43,,,,,
Jacksonxml,2,JacksonXml-2-buggy,function_1,,com/fasterxml/jackson/dataformat/xml/deser/XmlTokenStream.java,private final int _next() throws XMLStreamException,309,356,352,44,3,0,0,0,True
Jacksonxml,2,JacksonXml-2-buggy,function_1,,com/fasterxml/jackson/dataformat/xml/deser/XmlTokenStream.java,private final int _next() throws XMLStreamException,309,356,353,45,,,,,
Jacksonxml,2,JacksonXml-2-buggy,function_1,,com/fasterxml/jackson/dataformat/xml/deser/XmlTokenStream.java,private final int _next() throws XMLStreamException,309,356,354,46,,,,,
Jacksonxml,2,JacksonXml-2-buggy,function_1,,com/fasterxml/jackson/dataformat/xml/deser/XmlTokenStream.java,private final int _next() throws XMLStreamException,309,356,355,47,0,3,0,0,False
Jacksonxml,2,JacksonXml-2-buggy,function_1,,com/fasterxml/jackson/dataformat/xml/deser/XmlTokenStream.java,private final int _next() throws XMLStreamException,309,356,356,48,,,,,
Jacksonxml,2,JacksonXml-2-buggy,function_2,,com/fasterxml/jackson/dataformat/xml/deser/XmlTokenStream.java,private JsonLocation _extractLocation(XMLStreamLocation2 location),494,503,494,1,,,,,
Jacksonxml,2,JacksonXml-2-buggy,function_2,,com/fasterxml/jackson/dataformat/xml/deser/XmlTokenStream.java,private JsonLocation _extractLocation(XMLStreamLocation2 location),494,503,495,2,,,,,
Jacksonxml,2,JacksonXml-2-buggy,function_2,,com/fasterxml/jackson/dataformat/xml/deser/XmlTokenStream.java,private JsonLocation _extractLocation(XMLStreamLocation2 location),494,503,496,3,0,2,0,2,False
Jacksonxml,2,JacksonXml-2-buggy,function_2,,com/fasterxml/jackson/dataformat/xml/deser/XmlTokenStream.java,private JsonLocation _extractLocation(XMLStreamLocation2 location),494,503,497,4,0,9,0,0,False
Jacksonxml,2,JacksonXml-2-buggy,function_2,,com/fasterxml/jackson/dataformat/xml/deser/XmlTokenStream.java,private JsonLocation _extractLocation(XMLStreamLocation2 location),494,503,498,5,,,,,
Jacksonxml,2,JacksonXml-2-buggy,function_2,,com/fasterxml/jackson/dataformat/xml/deser/XmlTokenStream.java,private JsonLocation _extractLocation(XMLStreamLocation2 location),494,503,499,6,0,6,0,0,False
Jacksonxml,2,JacksonXml-2-buggy,function_2,,com/fasterxml/jackson/dataformat/xml/deser/XmlTokenStream.java,private JsonLocation _extractLocation(XMLStreamLocation2 location),494,503,500,7,0,3,0,0,False
Jacksonxml,2,JacksonXml-2-buggy,function_2,,com/fasterxml/jackson/dataformat/xml/deser/XmlTokenStream.java,private JsonLocation _extractLocation(XMLStreamLocation2 location),494,503,501,8,0,2,0,0,False
Jacksonxml,2,JacksonXml-2-buggy,function_2,,com/fasterxml/jackson/dataformat/xml/deser/XmlTokenStream.java,private JsonLocation _extractLocation(XMLStreamLocation2 location),494,503,502,9,0,2,0,0,False
Jacksonxml,2,JacksonXml-2-buggy,function_2,,com/fasterxml/jackson/dataformat/xml/deser/XmlTokenStream.java,private JsonLocation _extractLocation(XMLStreamLocation2 location),494,503,503,10,,,,,
Jacksonxml,3,JacksonXml-3-buggy,function_1,,com/fasterxml/jackson/dataformat/xml/deser/FromXmlParser.java,public String nextTextValue() throws IOException,601,693,601,1,,,,,
Jacksonxml,3,JacksonXml-3-buggy,function_1,,com/fasterxml/jackson/dataformat/xml/deser/FromXmlParser.java,public String nextTextValue() throws IOException,601,693,602,2,,,,,
Jacksonxml,3,JacksonXml-3-buggy,function_1,,com/fasterxml/jackson/dataformat/xml/deser/FromXmlParser.java,public String nextTextValue() throws IOException,601,693,603,3,3,0,0,0,True
Jacksonxml,3,JacksonXml-3-buggy,function_1,,com/fasterxml/jackson/dataformat/xml/deser/FromXmlParser.java,public String nextTextValue() throws IOException,601,693,604,4,3,0,1,1,True
Jacksonxml,3,JacksonXml-3-buggy,function_1,,com/fasterxml/jackson/dataformat/xml/deser/FromXmlParser.java,public String nextTextValue() throws IOException,601,693,605,5,0,3,0,0,False
Jacksonxml,3,JacksonXml-3-buggy,function_1,,com/fasterxml/jackson/dataformat/xml/deser/FromXmlParser.java,public String nextTextValue() throws IOException,601,693,606,6,0,3,0,0,False
Jacksonxml,3,JacksonXml-3-buggy,function_1,,com/fasterxml/jackson/dataformat/xml/deser/FromXmlParser.java,public String nextTextValue() throws IOException,601,693,607,7,0,3,0,0,False
Jacksonxml,3,JacksonXml-3-buggy,function_1,,com/fasterxml/jackson/dataformat/xml/deser/FromXmlParser.java,public String nextTextValue() throws IOException,601,693,608,8,,,,,
Jacksonxml,3,JacksonXml-3-buggy,function_1,,com/fasterxml/jackson/dataformat/xml/deser/FromXmlParser.java,public String nextTextValue() throws IOException,601,693,609,9,,,,,
Jacksonxml,3,JacksonXml-3-buggy,function_1,,com/fasterxml/jackson/dataformat/xml/deser/FromXmlParser.java,public String nextTextValue() throws IOException,601,693,610,10,0,3,0,2,False
Jacksonxml,3,JacksonXml-3-buggy,function_1,,com/fasterxml/jackson/dataformat/xml/deser/FromXmlParser.java,public String nextTextValue() throws IOException,601,693,611,11,0,3,0,0,False
Jacksonxml,3,JacksonXml-3-buggy,function_1,,com/fasterxml/jackson/dataformat/xml/deser/FromXmlParser.java,public String nextTextValue() throws IOException,601,693,612,12,,,,,
Jacksonxml,3,JacksonXml-3-buggy,function_1,,com/fasterxml/jackson/dataformat/xml/deser/FromXmlParser.java,public String nextTextValue() throws IOException,601,693,613,13,0,3,0,0,False
Jacksonxml,3,JacksonXml-3-buggy,function_1,,com/fasterxml/jackson/dataformat/xml/deser/FromXmlParser.java,public String nextTextValue() throws IOException,601,693,614,14,0,2,0,0,False
Jacksonxml,3,JacksonXml-3-buggy,function_1,,com/fasterxml/jackson/dataformat/xml/deser/FromXmlParser.java,public String nextTextValue() throws IOException,601,693,615,15,,,,,
Jacksonxml,3,JacksonXml-3-buggy,function_1,,com/fasterxml/jackson/dataformat/xml/deser/FromXmlParser.java,public String nextTextValue() throws IOException,601,693,616,16,,,,,
Jacksonxml,3,JacksonXml-3-buggy,function_1,,com/fasterxml/jackson/dataformat/xml/deser/FromXmlParser.java,public String nextTextValue() throws IOException,601,693,617,17,4,0,0,0,True
Jacksonxml,3,JacksonXml-3-buggy,function_1,,com/fasterxml/jackson/dataformat/xml/deser/FromXmlParser.java,public String nextTextValue() throws IOException,601,693,618,18,,,,,
Jacksonxml,3,JacksonXml-3-buggy,function_1,,com/fasterxml/jackson/dataformat/xml/deser/FromXmlParser.java,public String nextTextValue() throws IOException,601,693,619,19,,,,,
Jacksonxml,3,JacksonXml-3-buggy,function_1,,com/fasterxml/jackson/dataformat/xml/deser/FromXmlParser.java,public String nextTextValue() throws IOException,601,693,620,20,3,0,1,1,True
Jacksonxml,3,JacksonXml-3-buggy,function_1,,com/fasterxml/jackson/dataformat/xml/deser/FromXmlParser.java,public String nextTextValue() throws IOException,601,693,621,21,0,3,0,2,False
Jacksonxml,3,JacksonXml-3-buggy,function_1,,com/fasterxml/jackson/dataformat/xml/deser/FromXmlParser.java,public String nextTextValue() throws IOException,601,693,622,22,0,3,0,0,False
Jacksonxml,3,JacksonXml-3-buggy,function_1,,com/fasterxml/jackson/dataformat/xml/deser/FromXmlParser.java,public String nextTextValue() throws IOException,601,693,623,23,0,7,0,0,False
Jacksonxml,3,JacksonXml-3-buggy,function_1,,com/fasterxml/jackson/dataformat/xml/deser/FromXmlParser.java,public String nextTextValue() throws IOException,601,693,624,24,0,3,0,0,False
Jacksonxml,3,JacksonXml-3-buggy,function_1,,com/fasterxml/jackson/dataformat/xml/deser/FromXmlParser.java,public String nextTextValue() throws IOException,601,693,625,25,0,2,0,0,False
Jacksonxml,3,JacksonXml-3-buggy,function_1,,com/fasterxml/jackson/dataformat/xml/deser/FromXmlParser.java,public String nextTextValue() throws IOException,601,693,626,26,,,,,
Jacksonxml,3,JacksonXml-3-buggy,function_1,,com/fasterxml/jackson/dataformat/xml/deser/FromXmlParser.java,public String nextTextValue() throws IOException,601,693,627,27,0,4,0,2,False
Jacksonxml,3,JacksonXml-3-buggy,function_1,,com/fasterxml/jackson/dataformat/xml/deser/FromXmlParser.java,public String nextTextValue() throws IOException,601,693,628,28,0,4,0,0,False
Jacksonxml,3,JacksonXml-3-buggy,function_1,,com/fasterxml/jackson/dataformat/xml/deser/FromXmlParser.java,public String nextTextValue() throws IOException,601,693,629,29,0,3,0,0,False
Jacksonxml,3,JacksonXml-3-buggy,function_1,,com/fasterxml/jackson/dataformat/xml/deser/FromXmlParser.java,public String nextTextValue() throws IOException,601,693,630,30,0,1,0,0,False
Jacksonxml,3,JacksonXml-3-buggy,function_1,,com/fasterxml/jackson/dataformat/xml/deser/FromXmlParser.java,public String nextTextValue() throws IOException,601,693,631,31,,,,,
Jacksonxml,3,JacksonXml-3-buggy,function_1,,com/fasterxml/jackson/dataformat/xml/deser/FromXmlParser.java,public String nextTextValue() throws IOException,601,693,632,32,0,4,0,0,False
Jacksonxml,3,JacksonXml-3-buggy,function_1,,com/fasterxml/jackson/dataformat/xml/deser/FromXmlParser.java,public String nextTextValue() throws IOException,601,693,633,33,0,4,0,0,False
Jacksonxml,3,JacksonXml-3-buggy,function_1,,com/fasterxml/jackson/dataformat/xml/deser/FromXmlParser.java,public String nextTextValue() throws IOException,601,693,634,34,0,8,0,4,False
Jacksonxml,3,JacksonXml-3-buggy,function_1,,com/fasterxml/jackson/dataformat/xml/deser/FromXmlParser.java,public String nextTextValue() throws IOException,601,693,635,35,0,3,0,0,False
Jacksonxml,3,JacksonXml-3-buggy,function_1,,com/fasterxml/jackson/dataformat/xml/deser/FromXmlParser.java,public String nextTextValue() throws IOException,601,693,636,36,,,,,
Jacksonxml,3,JacksonXml-3-buggy,function_1,,com/fasterxml/jackson/dataformat/xml/deser/FromXmlParser.java,public String nextTextValue() throws IOException,601,693,637,37,0,3,0,0,False
Jacksonxml,3,JacksonXml-3-buggy,function_1,,com/fasterxml/jackson/dataformat/xml/deser/FromXmlParser.java,public String nextTextValue() throws IOException,601,693,638,38,0,3,0,0,False
Jacksonxml,3,JacksonXml-3-buggy,function_1,,com/fasterxml/jackson/dataformat/xml/deser/FromXmlParser.java,public String nextTextValue() throws IOException,601,693,639,39,0,2,0,0,False
Jacksonxml,3,JacksonXml-3-buggy,function_1,,com/fasterxml/jackson/dataformat/xml/deser/FromXmlParser.java,public String nextTextValue() throws IOException,601,693,640,40,,,,,
Jacksonxml,3,JacksonXml-3-buggy,function_1,,com/fasterxml/jackson/dataformat/xml/deser/FromXmlParser.java,public String nextTextValue() throws IOException,601,693,641,41,,,,,
Jacksonxml,3,JacksonXml-3-buggy,function_1,,com/fasterxml/jackson/dataformat/xml/deser/FromXmlParser.java,public String nextTextValue() throws IOException,601,693,642,42,,,,,
Jacksonxml,3,JacksonXml-3-buggy,function_1,,com/fasterxml/jackson/dataformat/xml/deser/FromXmlParser.java,public String nextTextValue() throws IOException,601,693,643,43,2,0,1,5,True
Jacksonxml,3,JacksonXml-3-buggy,function_1,,com/fasterxml/jackson/dataformat/xml/deser/FromXmlParser.java,public String nextTextValue() throws IOException,601,693,644,44,,,,,
Jacksonxml,3,JacksonXml-3-buggy,function_1,,com/fasterxml/jackson/dataformat/xml/deser/FromXmlParser.java,public String nextTextValue() throws IOException,601,693,645,45,0,3,0,2,False
Jacksonxml,3,JacksonXml-3-buggy,function_1,,com/fasterxml/jackson/dataformat/xml/deser/FromXmlParser.java,public String nextTextValue() throws IOException,601,693,646,46,,,,,
Jacksonxml,3,JacksonXml-3-buggy,function_1,,com/fasterxml/jackson/dataformat/xml/deser/FromXmlParser.java,public String nextTextValue() throws IOException,601,693,647,47,0,3,0,0,False
Jacksonxml,3,JacksonXml-3-buggy,function_1,,com/fasterxml/jackson/dataformat/xml/deser/FromXmlParser.java,public String nextTextValue() throws IOException,601,693,648,48,0,3,0,0,False
Jacksonxml,3,JacksonXml-3-buggy,function_1,,com/fasterxml/jackson/dataformat/xml/deser/FromXmlParser.java,public String nextTextValue() throws IOException,601,693,649,49,0,5,0,0,False
Jacksonxml,3,JacksonXml-3-buggy,function_1,,com/fasterxml/jackson/dataformat/xml/deser/FromXmlParser.java,public String nextTextValue() throws IOException,601,693,650,50,,,,,
Jacksonxml,3,JacksonXml-3-buggy,function_1,,com/fasterxml/jackson/dataformat/xml/deser/FromXmlParser.java,public String nextTextValue() throws IOException,601,693,651,51,0,9,0,2,False
Jacksonxml,3,JacksonXml-3-buggy,function_1,,com/fasterxml/jackson/dataformat/xml/deser/FromXmlParser.java,public String nextTextValue() throws IOException,601,693,652,52,0,5,0,0,False
Jacksonxml,3,JacksonXml-3-buggy,function_1,,com/fasterxml/jackson/dataformat/xml/deser/FromXmlParser.java,public String nextTextValue() throws IOException,601,693,653,53,0,5,0,0,False
Jacksonxml,3,JacksonXml-3-buggy,function_1,,com/fasterxml/jackson/dataformat/xml/deser/FromXmlParser.java,public String nextTextValue() throws IOException,601,693,654,54,0,1,0,0,False
Jacksonxml,3,JacksonXml-3-buggy,function_1,,com/fasterxml/jackson/dataformat/xml/deser/FromXmlParser.java,public String nextTextValue() throws IOException,601,693,655,55,,,,,
Jacksonxml,3,JacksonXml-3-buggy,function_1,,com/fasterxml/jackson/dataformat/xml/deser/FromXmlParser.java,public String nextTextValue() throws IOException,601,693,656,56,,,,,
Jacksonxml,3,JacksonXml-3-buggy,function_1,,com/fasterxml/jackson/dataformat/xml/deser/FromXmlParser.java,public String nextTextValue() throws IOException,601,693,657,57,0,3,0,2,False
Jacksonxml,3,JacksonXml-3-buggy,function_1,,com/fasterxml/jackson/dataformat/xml/deser/FromXmlParser.java,public String nextTextValue() throws IOException,601,693,658,58,0,3,0,0,False
Jacksonxml,3,JacksonXml-3-buggy,function_1,,com/fasterxml/jackson/dataformat/xml/deser/FromXmlParser.java,public String nextTextValue() throws IOException,601,693,659,59,0,3,0,0,False
Jacksonxml,3,JacksonXml-3-buggy,function_1,,com/fasterxml/jackson/dataformat/xml/deser/FromXmlParser.java,public String nextTextValue() throws IOException,601,693,660,60,0,5,0,0,False
Jacksonxml,3,JacksonXml-3-buggy,function_1,,com/fasterxml/jackson/dataformat/xml/deser/FromXmlParser.java,public String nextTextValue() throws IOException,601,693,661,61,0,7,0,0,False
Jacksonxml,3,JacksonXml-3-buggy,function_1,,com/fasterxml/jackson/dataformat/xml/deser/FromXmlParser.java,public String nextTextValue() throws IOException,601,693,662,62,0,4,0,0,False
Jacksonxml,3,JacksonXml-3-buggy,function_1,,com/fasterxml/jackson/dataformat/xml/deser/FromXmlParser.java,public String nextTextValue() throws IOException,601,693,663,63,,,,,
Jacksonxml,3,JacksonXml-3-buggy,function_1,,com/fasterxml/jackson/dataformat/xml/deser/FromXmlParser.java,public String nextTextValue() throws IOException,601,693,664,64,0,6,0,0,False
Jacksonxml,3,JacksonXml-3-buggy,function_1,,com/fasterxml/jackson/dataformat/xml/deser/FromXmlParser.java,public String nextTextValue() throws IOException,601,693,665,65,0,3,0,0,False
Jacksonxml,3,JacksonXml-3-buggy,function_1,,com/fasterxml/jackson/dataformat/xml/deser/FromXmlParser.java,public String nextTextValue() throws IOException,601,693,666,66,,,,,
Jacksonxml,3,JacksonXml-3-buggy,function_1,,com/fasterxml/jackson/dataformat/xml/deser/FromXmlParser.java,public String nextTextValue() throws IOException,601,693,667,67,0,1,0,0,False
Jacksonxml,3,JacksonXml-3-buggy,function_1,,com/fasterxml/jackson/dataformat/xml/deser/FromXmlParser.java,public String nextTextValue() throws IOException,601,693,668,68,,,,,
Jacksonxml,3,JacksonXml-3-buggy,function_1,,com/fasterxml/jackson/dataformat/xml/deser/FromXmlParser.java,public String nextTextValue() throws IOException,601,693,669,69,5,0,0,0,True
Jacksonxml,3,JacksonXml-3-buggy,function_1,,com/fasterxml/jackson/dataformat/xml/deser/FromXmlParser.java,public String nextTextValue() throws IOException,601,693,670,70,3,0,0,0,True
Jacksonxml,3,JacksonXml-3-buggy,function_1,,com/fasterxml/jackson/dataformat/xml/deser/FromXmlParser.java,public String nextTextValue() throws IOException,601,693,671,71,1,0,0,0,True
Jacksonxml,3,JacksonXml-3-buggy,function_1,,com/fasterxml/jackson/dataformat/xml/deser/FromXmlParser.java,public String nextTextValue() throws IOException,601,693,672,72,,,,,
Jacksonxml,3,JacksonXml-3-buggy,function_1,,com/fasterxml/jackson/dataformat/xml/deser/FromXmlParser.java,public String nextTextValue() throws IOException,601,693,673,73,0,5,0,0,False
Jacksonxml,3,JacksonXml-3-buggy,function_1,,com/fasterxml/jackson/dataformat/xml/deser/FromXmlParser.java,public String nextTextValue() throws IOException,601,693,674,74,0,3,0,2,False
Jacksonxml,3,JacksonXml-3-buggy,function_1,,com/fasterxml/jackson/dataformat/xml/deser/FromXmlParser.java,public String nextTextValue() throws IOException,601,693,675,75,0,3,0,0,False
Jacksonxml,3,JacksonXml-3-buggy,function_1,,com/fasterxml/jackson/dataformat/xml/deser/FromXmlParser.java,public String nextTextValue() throws IOException,601,693,676,76,,,,,
Jacksonxml,3,JacksonXml-3-buggy,function_1,,com/fasterxml/jackson/dataformat/xml/deser/FromXmlParser.java,public String nextTextValue() throws IOException,601,693,677,77,0,3,0,0,False
Jacksonxml,3,JacksonXml-3-buggy,function_1,,com/fasterxml/jackson/dataformat/xml/deser/FromXmlParser.java,public String nextTextValue() throws IOException,601,693,678,78,,,,,
Jacksonxml,3,JacksonXml-3-buggy,function_1,,com/fasterxml/jackson/dataformat/xml/deser/FromXmlParser.java,public String nextTextValue() throws IOException,601,693,679,79,,,,,
Jacksonxml,3,JacksonXml-3-buggy,function_1,,com/fasterxml/jackson/dataformat/xml/deser/FromXmlParser.java,public String nextTextValue() throws IOException,601,693,680,80,,,,,
Jacksonxml,3,JacksonXml-3-buggy,function_1,,com/fasterxml/jackson/dataformat/xml/deser/FromXmlParser.java,public String nextTextValue() throws IOException,601,693,681,81,0,3,0,0,False
Jacksonxml,3,JacksonXml-3-buggy,function_1,,com/fasterxml/jackson/dataformat/xml/deser/FromXmlParser.java,public String nextTextValue() throws IOException,601,693,682,82,0,3,0,0,False
Jacksonxml,3,JacksonXml-3-buggy,function_1,,com/fasterxml/jackson/dataformat/xml/deser/FromXmlParser.java,public String nextTextValue() throws IOException,601,693,683,83,,,,,
Jacksonxml,3,JacksonXml-3-buggy,function_1,,com/fasterxml/jackson/dataformat/xml/deser/FromXmlParser.java,public String nextTextValue() throws IOException,601,693,684,84,,,,,
Jacksonxml,3,JacksonXml-3-buggy,function_1,,com/fasterxml/jackson/dataformat/xml/deser/FromXmlParser.java,public String nextTextValue() throws IOException,601,693,685,85,0,5,0,0,False
Jacksonxml,3,JacksonXml-3-buggy,function_1,,com/fasterxml/jackson/dataformat/xml/deser/FromXmlParser.java,public String nextTextValue() throws IOException,601,693,686,86,0,3,0,0,False
Jacksonxml,3,JacksonXml-3-buggy,function_1,,com/fasterxml/jackson/dataformat/xml/deser/FromXmlParser.java,public String nextTextValue() throws IOException,601,693,687,87,0,3,0,0,False
Jacksonxml,3,JacksonXml-3-buggy,function_1,,com/fasterxml/jackson/dataformat/xml/deser/FromXmlParser.java,public String nextTextValue() throws IOException,601,693,688,88,0,1,0,0,False
Jacksonxml,3,JacksonXml-3-buggy,function_1,,com/fasterxml/jackson/dataformat/xml/deser/FromXmlParser.java,public String nextTextValue() throws IOException,601,693,689,89,,,,,
Jacksonxml,3,JacksonXml-3-buggy,function_1,,com/fasterxml/jackson/dataformat/xml/deser/FromXmlParser.java,public String nextTextValue() throws IOException,601,693,690,90,0,3,0,0,False
Jacksonxml,3,JacksonXml-3-buggy,function_1,,com/fasterxml/jackson/dataformat/xml/deser/FromXmlParser.java,public String nextTextValue() throws IOException,601,693,691,91,,,,,
Jacksonxml,3,JacksonXml-3-buggy,function_1,,com/fasterxml/jackson/dataformat/xml/deser/FromXmlParser.java,public String nextTextValue() throws IOException,601,693,692,92,2,0,0,0,True
Jacksonxml,3,JacksonXml-3-buggy,function_1,,com/fasterxml/jackson/dataformat/xml/deser/FromXmlParser.java,public String nextTextValue() throws IOException,601,693,693,93,,,,,
Jacksonxml,4,JacksonXml-4-buggy,function_1,,com/fasterxml/jackson/dataformat/xml/ser/XmlSerializerProvider.java,protected void _serializeXmlNull(JsonGenerator jgen) throws IOException,200,208,200,1,,,,,
Jacksonxml,4,JacksonXml-4-buggy,function_1,,com/fasterxml/jackson/dataformat/xml/ser/XmlSerializerProvider.java,protected void _serializeXmlNull(JsonGenerator jgen) throws IOException,200,208,201,2,,,,,
Jacksonxml,4,JacksonXml-4-buggy,function_1,,com/fasterxml/jackson/dataformat/xml/ser/XmlSerializerProvider.java,protected void _serializeXmlNull(JsonGenerator jgen) throws IOException,200,208,202,3,,,,,
Jacksonxml,4,JacksonXml-4-buggy,function_1,,com/fasterxml/jackson/dataformat/xml/ser/XmlSerializerProvider.java,protected void _serializeXmlNull(JsonGenerator jgen) throws IOException,200,208,203,4,,,,,
Jacksonxml,4,JacksonXml-4-buggy,function_1,,com/fasterxml/jackson/dataformat/xml/ser/XmlSerializerProvider.java,protected void _serializeXmlNull(JsonGenerator jgen) throws IOException,200,208,204,5,3,0,1,1,True
Jacksonxml,4,JacksonXml-4-buggy,function_1,,com/fasterxml/jackson/dataformat/xml/ser/XmlSerializerProvider.java,protected void _serializeXmlNull(JsonGenerator jgen) throws IOException,200,208,205,6,5,0,0,0,True
Jacksonxml,4,JacksonXml-4-buggy,function_1,,com/fasterxml/jackson/dataformat/xml/ser/XmlSerializerProvider.java,protected void _serializeXmlNull(JsonGenerator jgen) throws IOException,200,208,206,7,,,,,
Jacksonxml,4,JacksonXml-4-buggy,function_1,,com/fasterxml/jackson/dataformat/xml/ser/XmlSerializerProvider.java,protected void _serializeXmlNull(JsonGenerator jgen) throws IOException,200,208,207,8,4,0,0,0,True
Jacksonxml,4,JacksonXml-4-buggy,function_1,,com/fasterxml/jackson/dataformat/xml/ser/XmlSerializerProvider.java,protected void _serializeXmlNull(JsonGenerator jgen) throws IOException,200,208,208,9,1,0,0,0,True
Jacksonxml,5,JacksonXml-5-buggy,function_1,,com/fasterxml/jackson/dataformat/xml/ser/XmlSerializerProvider.java,protected XmlSerializerProvider(XmlSerializerProvider src) {,55,60,55,1,,,,,
Jacksonxml,5,JacksonXml-5-buggy,function_1,,com/fasterxml/jackson/dataformat/xml/ser/XmlSerializerProvider.java,protected XmlSerializerProvider(XmlSerializerProvider src) {,55,60,56,2,3,0,0,0,True
Jacksonxml,5,JacksonXml-5-buggy,function_1,,com/fasterxml/jackson/dataformat/xml/ser/XmlSerializerProvider.java,protected XmlSerializerProvider(XmlSerializerProvider src) {,55,60,57,3,,,,,
Jacksonxml,5,JacksonXml-5-buggy,function_1,,com/fasterxml/jackson/dataformat/xml/ser/XmlSerializerProvider.java,protected XmlSerializerProvider(XmlSerializerProvider src) {,55,60,58,4,,,,,
Jacksonxml,5,JacksonXml-5-buggy,function_1,,com/fasterxml/jackson/dataformat/xml/ser/XmlSerializerProvider.java,protected XmlSerializerProvider(XmlSerializerProvider src) {,55,60,59,5,4,0,0,0,True
Jacksonxml,5,JacksonXml-5-buggy,function_1,,com/fasterxml/jackson/dataformat/xml/ser/XmlSerializerProvider.java,protected XmlSerializerProvider(XmlSerializerProvider src) {,55,60,60,6,1,0,0,0,True
Jacksonxml,6,JacksonXml-6-buggy,function_1,,com/fasterxml/jackson/dataformat/xml/ser/ToXmlGenerator.java,"public void writeBinary(Base64Variant b64variant, byte[] data, int offset, int len) throws IOException",808,841,808,1,,,,,
Jacksonxml,6,JacksonXml-6-buggy,function_1,,com/fasterxml/jackson/dataformat/xml/ser/ToXmlGenerator.java,"public void writeBinary(Base64Variant b64variant, byte[] data, int offset, int len) throws IOException",808,841,809,2,,,,,
Jacksonxml,6,JacksonXml-6-buggy,function_1,,com/fasterxml/jackson/dataformat/xml/ser/ToXmlGenerator.java,"public void writeBinary(Base64Variant b64variant, byte[] data, int offset, int len) throws IOException",808,841,810,3,,,,,
Jacksonxml,6,JacksonXml-6-buggy,function_1,,com/fasterxml/jackson/dataformat/xml/ser/ToXmlGenerator.java,"public void writeBinary(Base64Variant b64variant, byte[] data, int offset, int len) throws IOException",808,841,811,4,0,2,0,2,False
Jacksonxml,6,JacksonXml-6-buggy,function_1,,com/fasterxml/jackson/dataformat/xml/ser/ToXmlGenerator.java,"public void writeBinary(Base64Variant b64variant, byte[] data, int offset, int len) throws IOException",808,841,812,5,0,2,0,0,False
Jacksonxml,6,JacksonXml-6-buggy,function_1,,com/fasterxml/jackson/dataformat/xml/ser/ToXmlGenerator.java,"public void writeBinary(Base64Variant b64variant, byte[] data, int offset, int len) throws IOException",808,841,813,6,0,1,0,0,False
Jacksonxml,6,JacksonXml-6-buggy,function_1,,com/fasterxml/jackson/dataformat/xml/ser/ToXmlGenerator.java,"public void writeBinary(Base64Variant b64variant, byte[] data, int offset, int len) throws IOException",808,841,814,7,,,,,
Jacksonxml,6,JacksonXml-6-buggy,function_1,,com/fasterxml/jackson/dataformat/xml/ser/ToXmlGenerator.java,"public void writeBinary(Base64Variant b64variant, byte[] data, int offset, int len) throws IOException",808,841,815,8,0,3,0,0,False
Jacksonxml,6,JacksonXml-6-buggy,function_1,,com/fasterxml/jackson/dataformat/xml/ser/ToXmlGenerator.java,"public void writeBinary(Base64Variant b64variant, byte[] data, int offset, int len) throws IOException",808,841,816,9,0,3,0,2,False
Jacksonxml,6,JacksonXml-6-buggy,function_1,,com/fasterxml/jackson/dataformat/xml/ser/ToXmlGenerator.java,"public void writeBinary(Base64Variant b64variant, byte[] data, int offset, int len) throws IOException",808,841,817,10,0,2,0,0,False
Jacksonxml,6,JacksonXml-6-buggy,function_1,,com/fasterxml/jackson/dataformat/xml/ser/ToXmlGenerator.java,"public void writeBinary(Base64Variant b64variant, byte[] data, int offset, int len) throws IOException",808,841,818,11,,,,,
Jacksonxml,6,JacksonXml-6-buggy,function_1,,com/fasterxml/jackson/dataformat/xml/ser/ToXmlGenerator.java,"public void writeBinary(Base64Variant b64variant, byte[] data, int offset, int len) throws IOException",808,841,819,12,,,,,
Jacksonxml,6,JacksonXml-6-buggy,function_1,,com/fasterxml/jackson/dataformat/xml/ser/ToXmlGenerator.java,"public void writeBinary(Base64Variant b64variant, byte[] data, int offset, int len) throws IOException",808,841,820,13,0,3,0,2,False
Jacksonxml,6,JacksonXml-6-buggy,function_1,,com/fasterxml/jackson/dataformat/xml/ser/ToXmlGenerator.java,"public void writeBinary(Base64Variant b64variant, byte[] data, int offset, int len) throws IOException",808,841,821,14,,,,,
Jacksonxml,6,JacksonXml-6-buggy,function_1,,com/fasterxml/jackson/dataformat/xml/ser/ToXmlGenerator.java,"public void writeBinary(Base64Variant b64variant, byte[] data, int offset, int len) throws IOException",808,841,822,15,0,6,0,0,False
Jacksonxml,6,JacksonXml-6-buggy,function_1,,com/fasterxml/jackson/dataformat/xml/ser/ToXmlGenerator.java,"public void writeBinary(Base64Variant b64variant, byte[] data, int offset, int len) throws IOException",808,841,823,16,0,11,0,0,False
Jacksonxml,6,JacksonXml-6-buggy,function_1,,com/fasterxml/jackson/dataformat/xml/ser/ToXmlGenerator.java,"public void writeBinary(Base64Variant b64variant, byte[] data, int offset, int len) throws IOException",808,841,824,17,0,4,0,2,False
Jacksonxml,6,JacksonXml-6-buggy,function_1,,com/fasterxml/jackson/dataformat/xml/ser/ToXmlGenerator.java,"public void writeBinary(Base64Variant b64variant, byte[] data, int offset, int len) throws IOException",808,841,825,18,,,,,
Jacksonxml,6,JacksonXml-6-buggy,function_1,,com/fasterxml/jackson/dataformat/xml/ser/ToXmlGenerator.java,"public void writeBinary(Base64Variant b64variant, byte[] data, int offset, int len) throws IOException",808,841,826,19,0,7,0,0,False
Jacksonxml,6,JacksonXml-6-buggy,function_1,,com/fasterxml/jackson/dataformat/xml/ser/ToXmlGenerator.java,"public void writeBinary(Base64Variant b64variant, byte[] data, int offset, int len) throws IOException",808,841,827,20,,,,,
Jacksonxml,6,JacksonXml-6-buggy,function_1,,com/fasterxml/jackson/dataformat/xml/ser/ToXmlGenerator.java,"public void writeBinary(Base64Variant b64variant, byte[] data, int offset, int len) throws IOException",808,841,828,21,0,3,0,2,False
Jacksonxml,6,JacksonXml-6-buggy,function_1,,com/fasterxml/jackson/dataformat/xml/ser/ToXmlGenerator.java,"public void writeBinary(Base64Variant b64variant, byte[] data, int offset, int len) throws IOException",808,841,829,22,0,8,0,0,False
Jacksonxml,6,JacksonXml-6-buggy,function_1,,com/fasterxml/jackson/dataformat/xml/ser/ToXmlGenerator.java,"public void writeBinary(Base64Variant b64variant, byte[] data, int offset, int len) throws IOException",808,841,830,23,0,7,0,0,False
Jacksonxml,6,JacksonXml-6-buggy,function_1,,com/fasterxml/jackson/dataformat/xml/ser/ToXmlGenerator.java,"public void writeBinary(Base64Variant b64variant, byte[] data, int offset, int len) throws IOException",808,841,831,24,,,,,
Jacksonxml,6,JacksonXml-6-buggy,function_1,,com/fasterxml/jackson/dataformat/xml/ser/ToXmlGenerator.java,"public void writeBinary(Base64Variant b64variant, byte[] data, int offset, int len) throws IOException",808,841,832,25,,,,,
Jacksonxml,6,JacksonXml-6-buggy,function_1,,com/fasterxml/jackson/dataformat/xml/ser/ToXmlGenerator.java,"public void writeBinary(Base64Variant b64variant, byte[] data, int offset, int len) throws IOException",808,841,833,26,0,9,0,0,False
Jacksonxml,6,JacksonXml-6-buggy,function_1,,com/fasterxml/jackson/dataformat/xml/ser/ToXmlGenerator.java,"public void writeBinary(Base64Variant b64variant, byte[] data, int offset, int len) throws IOException",808,841,834,27,0,6,0,0,False
Jacksonxml,6,JacksonXml-6-buggy,function_1,,com/fasterxml/jackson/dataformat/xml/ser/ToXmlGenerator.java,"public void writeBinary(Base64Variant b64variant, byte[] data, int offset, int len) throws IOException",808,841,835,28,0,3,0,0,False
Jacksonxml,6,JacksonXml-6-buggy,function_1,,com/fasterxml/jackson/dataformat/xml/ser/ToXmlGenerator.java,"public void writeBinary(Base64Variant b64variant, byte[] data, int offset, int len) throws IOException",808,841,836,29,,,,,
Jacksonxml,6,JacksonXml-6-buggy,function_1,,com/fasterxml/jackson/dataformat/xml/ser/ToXmlGenerator.java,"public void writeBinary(Base64Variant b64variant, byte[] data, int offset, int len) throws IOException",808,841,837,30,,,,,
Jacksonxml,6,JacksonXml-6-buggy,function_1,,com/fasterxml/jackson/dataformat/xml/ser/ToXmlGenerator.java,"public void writeBinary(Base64Variant b64variant, byte[] data, int offset, int len) throws IOException",808,841,838,31,0,1,0,0,False
Jacksonxml,6,JacksonXml-6-buggy,function_1,,com/fasterxml/jackson/dataformat/xml/ser/ToXmlGenerator.java,"public void writeBinary(Base64Variant b64variant, byte[] data, int offset, int len) throws IOException",808,841,839,32,0,4,0,0,False
Jacksonxml,6,JacksonXml-6-buggy,function_1,,com/fasterxml/jackson/dataformat/xml/ser/ToXmlGenerator.java,"public void writeBinary(Base64Variant b64variant, byte[] data, int offset, int len) throws IOException",808,841,840,33,0,1,0,0,False
Jacksonxml,6,JacksonXml-6-buggy,function_1,,com/fasterxml/jackson/dataformat/xml/ser/ToXmlGenerator.java,"public void writeBinary(Base64Variant b64variant, byte[] data, int offset, int len) throws IOException",808,841,841,34,0,1,0,0,False
Jacksonxml,6,JacksonXml-6-buggy,function_2,,com/fasterxml/jackson/dataformat/xml/ser/ToXmlGenerator.java,"private byte[] toFullBuffer(byte[] data, int offset, int len)",853,864,853,1,,,,,
Jacksonxml,6,JacksonXml-6-buggy,function_2,,com/fasterxml/jackson/dataformat/xml/ser/ToXmlGenerator.java,"private byte[] toFullBuffer(byte[] data, int offset, int len)",853,864,854,2,,,,,
Jacksonxml,6,JacksonXml-6-buggy,function_2,,com/fasterxml/jackson/dataformat/xml/ser/ToXmlGenerator.java,"private byte[] toFullBuffer(byte[] data, int offset, int len)",853,864,855,3,,,,,
Jacksonxml,6,JacksonXml-6-buggy,function_2,,com/fasterxml/jackson/dataformat/xml/ser/ToXmlGenerator.java,"private byte[] toFullBuffer(byte[] data, int offset, int len)",853,864,856,4,0,6,0,4,False
Jacksonxml,6,JacksonXml-6-buggy,function_2,,com/fasterxml/jackson/dataformat/xml/ser/ToXmlGenerator.java,"private byte[] toFullBuffer(byte[] data, int offset, int len)",853,864,857,5,0,2,0,0,False
Jacksonxml,6,JacksonXml-6-buggy,function_2,,com/fasterxml/jackson/dataformat/xml/ser/ToXmlGenerator.java,"private byte[] toFullBuffer(byte[] data, int offset, int len)",853,864,858,6,,,,,
Jacksonxml,6,JacksonXml-6-buggy,function_2,,com/fasterxml/jackson/dataformat/xml/ser/ToXmlGenerator.java,"private byte[] toFullBuffer(byte[] data, int offset, int len)",853,864,859,7,0,3,0,0,False
Jacksonxml,6,JacksonXml-6-buggy,function_2,,com/fasterxml/jackson/dataformat/xml/ser/ToXmlGenerator.java,"private byte[] toFullBuffer(byte[] data, int offset, int len)",853,864,860,8,0,2,0,2,False
Jacksonxml,6,JacksonXml-6-buggy,function_2,,com/fasterxml/jackson/dataformat/xml/ser/ToXmlGenerator.java,"private byte[] toFullBuffer(byte[] data, int offset, int len)",853,864,861,9,0,6,0,0,False
Jacksonxml,6,JacksonXml-6-buggy,function_2,,com/fasterxml/jackson/dataformat/xml/ser/ToXmlGenerator.java,"private byte[] toFullBuffer(byte[] data, int offset, int len)",853,864,862,10,,,,,
Jacksonxml,6,JacksonXml-6-buggy,function_2,,com/fasterxml/jackson/dataformat/xml/ser/ToXmlGenerator.java,"private byte[] toFullBuffer(byte[] data, int offset, int len)",853,864,863,11,0,2,0,0,False
Jacksonxml,6,JacksonXml-6-buggy,function_2,,com/fasterxml/jackson/dataformat/xml/ser/ToXmlGenerator.java,"private byte[] toFullBuffer(byte[] data, int offset, int len)",853,864,864,12,,,,,
